base_run_id,block,replica_id,attempt_id,artifact_sha256,deltaL1,deltaL2,deltaL3,deltaL4,R,A34,now_loss_28_30_mean,wait_loss_28_30_mean,G
1,A,1,branch-001-A-r01-fcb17b4ec86948ca8a336e65c7dc4cd3,4f9559a5845471b469ae1e907fa7fd50ffede38866a0c744b63475264fdadd40,0.04095768765211105,0.047584005105495486,0.04774166989326478,0.0007278373539447713,0.04542778755029044,-0.04701383253932001,,,
1,A,2,branch-001-A-r02-6c5281dc944643678d58c1a73325374d,b9b87239ce83a83db830fb02a59ffdab57f64a9da08cc9bd27d41a895fbf2bbf,0.03434596734642986,0.11561173222064974,0.038949437510967244,-0.0036622054696082706,0.06296904569268229,-0.042611642980575515,,,
1,A,3,branch-001-A-r03-68390a74909b4f158311589ea382aee6,b5153e3df774c937b63662b5b6993187a6c846fbb53d6b545b21729e7a9d04ff,0.062355256462097164,0.03202783949375154,0.06875162945389746,4.8747599124931984e-05,0.05437824180324872,-0.06870288185477252,,,
1,A,4,branch-001-A-r04-9a2bad49901c4d4a81f305b551e456e4,8dd1a21b51a00260224283bf721cc47af1bbd4056f533def83c35bc2cdbba023,0.027192743098735817,0.048033610722422626,0.03488930319547656,0.00473799145221715,0.036705219005545,-0.030151311743259412,,,
1,A,5,branch-001-A-r05-6031ae9504c44e4f8c088785fe794ae4,b4afe71464dae7f4b5da00369c7ee7b72d1fbeff1359e4e53eab155cedbdf67c,0.07842542256116869,0.052367767333984405,0.041864126539230384,0.011943761187791835,0.05755243881146116,-0.02992036535143855,,,
1,A,6,branch-001-A-r06-38bd94ac173d4f9096b4351ceb061bbc,d721fca4ae9319d3ce56a545a6522423ad6779492e85339762271a1ab730c7f2,0.01850067338943484,0.028079825162887595,0.030767657250165892,-0.0006071036815643582,0.02578271860082944,-0.03137476093173025,,,
1,A,7,branch-001-A-r07-4098a4f519394acbad281b9daccc956a,01a6e180853cd35694fd99a11d60e95e78db751866983a1569acbfd3c1d4a9a3,0.05889483102560045,0.018383749037981068,0.025853531420230835,0.021135987216234164,0.03437737049460412,-0.004717544203996671,,,
1,A,8,branch-001-A-r08-aec63c30300848cd986052860c9d0c66,9eb47ef89692b2d7835244457f966a78d0cba13f8c83523263fb1d4c854b983c,0.059609990531206136,0.03793204783201215,0.0031114737749099453,-0.004103575903177226,0.03355117071270941,-0.007215049678087171,,,
1,A,9,branch-001-A-r09-0bc7a0443a9d4a0f937e0e35befe792d,a48be1e447ce96cec6b2ab59298d7a3d2fc61a4ab555523f6503e9864863cdb7,0.033752334451675414,0.1083098495066166,-0.012375926166772855,0.010704346048831914,0.04322875259717305,0.02308027221560477,,,
1,A,10,branch-001-A-r10-30975a7488aa428e939aef35b247257a,8a0c99a9076f3f350c14f6facf52c301a7f2ec48cce237714523d32b73b6742a,0.05112756800651552,0.055257368767261505,0.027576122426986704,-0.003660955834388746,0.04465368640025458,-0.03123707826137545,,,
1,A,11,branch-001-A-r11-a71bc9f51eab4cf7a5b9d6cf809e5bbe,f6b1209bcf8b400668d7c9cc4924c229aa72718378d9bb03820453077ad6e711,0.01779993622303011,0.0433089453577995,0.1023537184476852,-0.018075159215927117,0.05448753334283827,-0.12042887766361232,,,
1,A,12,branch-001-A-r12-ac8b9fa4ad46490f91add573e95a233d,8b8899db103c8cac1206c325f2fc5b32e4f8b56f58bac1dc3933dbdbb2bf5ba1,0.016132607102394114,0.06741473063230513,0.0395453676939011,0.0006807771086693171,0.04103090180953345,-0.038864590585231784,,,
1,A,13,branch-001-A-r13-7dfd0adaa8d3412da6fca92439134b47,e8abed73a242ac0122bdeadea0ad45ce1beeb3df00ae634d951b791675a97b5b,0.14450778542757037,0.05316593116521834,0.05483801585435866,0.01062882717847824,0.08417057748238245,-0.04420918867588042,,,
1,A,14,branch-001-A-r14-f85f88ea840840b9a079ee4b6340248b,14f9fd6cf842c26827464fdaf5027b4b886875a260eeb816452ab9696ce8696a,0.06767700169086455,0.02302823477983479,0.060305727112293206,0.0036189774990081913,0.050336987860997516,-0.056686749613285015,,,
1,A,15,branch-001-A-r15-ec56f927a19f4bf2a7e0fb1fe54e875d,fb408d3b98071bd8d06d5bb9a3be7f9d4198c5ee0b63008901909fb846c9beb0,0.07786604526042945,0.1181749902367592,0.016259814959764474,-0.006863181233406068,0.07076695015231771,-0.023122996193170542,,,
1,B,1,branch-001-B-r01-39b116a668a84a3ab612db0793d3f3a5,fc42a9dbc040b383a5af2081213a15a32784813d97be111d262007a8b6eee71d,,,,,,,0.4280480663180351,0.4328821466525396,0.011167197288883934
1,B,2,branch-001-B-r02-09871fa4c9cb4a088c6ad7f65e8617b1,950a25643349f1455e92c12bc9c52b87ccb7396ab12d43ab44470afc53defe21,,,,,,,0.42480271299680067,0.43377429384390515,0.02068260146907858
1,B,3,branch-001-B-r03-cfd63f10f8394c33859a13c03e016b3b,eed580b1aa40a11769f2ffd3a621bfae23585e19e3cb6c614852cfe2b082625c,,,,,,,0.4253881037592888,0.4199625496665637,-0.012919137901779133
1,B,4,branch-001-B-r04-83d4af759e274f02a29f955bbe541cb3,3b0517fb5578819e2e1fadbf9d7a4b6760ce9ff128843916ec8e9e364b0aa5d5,,,,,,,0.4147456567267577,0.4199291504502296,0.012343733979682912
1,B,5,branch-001-B-r05-202ad8c12fae407c8b44a6fc34059ece,4e015695f8491b129299faf70313126f6f2a69ccefc57c743264d9113ce9d32f,,,,,,,0.4448893641471863,0.4447019780993462,-0.00042137444191492866
1,B,6,branch-001-B-r06-7cfdfb2b338d453bb12172a96074fcb6,7c1a2976e5b23c14958e9939f97ef03238d82aa67cc70f742e20d21fc383209c,,,,,,,0.41752106297810876,0.42100025027394294,0.008264097927662261
1,B,7,branch-001-B-r07-9a93d8d79fc04a42bfc65f3bbc168a99,96b4928b2201642b91916915066aa749ce185591c6fca05df3cde9aeb81be642,,,,,,,0.41753903389672437,0.4194643277361989,0.004589886939528639
1,B,8,branch-001-B-r08-466d9450cda64afca0556cd698d5dd0c,df5927728e80baefc64e70c604c2b07d0e13dc62287bcf0a1d34cfe3b34a5fa7,,,,,,,0.4295594660798709,0.42603586563269297,-0.008270666231222409
1,B,9,branch-001-B-r09-79a21decef8d4d77b4867ec67eb0d8fe,7abc9b9af55ecf3bba62c76491f3fbc82d9fa165317b0baed501f095c3ede474,,,,,,,0.4203077004869779,0.4226383321086566,0.005514482347236539
1,B,10,branch-001-B-r10-60f46b4a0a87445b8d6e7fc4e0249384,c59d8c0e4ec2dd7c0a28e86115462b2e63e803b47f56f6c2cb1e69c7c4bc4664,,,,,,,0.4218770891626676,0.42965139159361526,0.01809444257148126
2,A,1,branch-002-A-r01-4eb0d8008525484a844820a224af13e8,14a43dc7b242481cf7c0ffcbe35d8bd294b14ce7e113fd008cfd03e434e07460,0.02942521692514416,0.07793429625034332,0.03934742588996887,-0.0023422386169433818,0.04890231302181878,-0.04168966450691225,,,
2,A,2,branch-002-A-r02-d7f28dafdd8444e68ab09b51ed35ac7c,251faf23e7190589975b9f62a731a00a089b8e108606f2af52e359395db1635c,0.08190277512073518,0.01739207623600958,0.04369454353451724,0.004077005934715272,0.047663131630420665,-0.039617537599801966,,,
2,A,3,branch-002-A-r03-63197e7733894438b0dc8650bb7f13f4,eb0d8c46382fca36702a3022c13536d038e1f8fdc11915e9a1d31531a54359c6,0.03939168914556507,0.05014581044912336,0.016647720992565118,-0.012243547022342705,0.03539507352908452,-0.028891268014907823,,,
2,A,4,branch-002-A-r04-7a2f6e6354c745c6b16dd7ed01793639,c55bce4e869f06984d59c56f17933f74d2b16aa912537e8896d53eb11b552be4,0.06126325116157533,0.008862913203239453,0.050964847218990306,-0.011225428271293636,0.040363670527935026,-0.06219027549028394,,,
2,A,5,branch-002-A-r05-f76f427463a14175b5401d275e438ae4,f2355b10ec82667bd34dbd6e361181616704748471ac960853345195c1fef571,0.13987708514332764,0.15630443960428236,0.09066672143936155,0.014324287033081085,0.12894941539565719,-0.07634243440628047,,,
2,A,6,branch-002-A-r06-fd29e55107c041a1b7ab59e680298fd0,b0a297460afe66447be7af730b53ed0e7a7d12570c07e02fa773d9fb79057d31,0.027358030748367346,0.03282601437568666,0.07529169291257859,9.966506958009047e-05,0.0451585793455442,-0.0751920278429985,,,
2,A,7,branch-002-A-r07-c45149175ffa49a98a189f955c1ed8d0,da897b4417c570731538b57b4437bead29626f02ba582438771282ba224c03f1,-0.018917051351070413,0.005431495416164389,0.04362242302894592,0.016567280435562104,0.010045622364679966,-0.02705514259338382,,,
2,A,8,branch-002-A-r08-73855bc22883443592b1f1d7d62f3a30,c59e36b65f1c370a1aa8912cc9c47f5ff4e3ecc6615f248606b3c8d71a7fa168,0.0793566492795944,0.12505876704454416,0.030064084744453434,-0.010004515326023089,0.07815983368953067,-0.04006860007047652,,,
2,A,9,branch-002-A-r09-e553b138160947e0b0b54e23f0d57c3c,fe5b29047e1535ff8384fc6ea45e3f8467540e0d3428eed52f9025a3bf85047d,0.043284356999397255,0.09469608774185179,0.025694602584838855,-0.01947882500886916,0.05455834910869597,-0.045173427593708015,,,
2,A,10,branch-002-A-r10-4199f029e8254152819511d016de32fa,c067fea596704beefe89f61ab0f284584931f7ebd5678656e53141352213d797,0.004644757014513001,0.04208584818840028,0.029313498139381444,-0.01950247253179549,0.025348034447431573,-0.048815970671176934,,,
2,A,11,branch-002-A-r11-d8a235f5eb174e93bcf4cc6477a7054f,5769923cfe6b32841accf2134e9fba01f8c32645572fa5a4a0bde7cfcfd62e27,0.02278848841190345,-0.0028476878345012335,0.061224707710742954,0.0012836384296417425,0.027055169429381725,-0.05994106928110121,,,
2,A,12,branch-002-A-r12-78ba6f53f81b440aaddf12766173ad4a,baab718314c7f6e87e18b77a1ce97f399690d634ec0e2161cf760c0a9d6765f2,0.08121993979215625,0.06081664115190505,0.061177777314186055,-0.001055469012260446,0.06773811941941578,-0.0622332463264465,,,
2,A,13,branch-002-A-r13-afb74fafbb854d92928a3c888fb658c0,faf49120bfb31423269c7c60dbe92430ae0da25e41fc5c14de5ed1c9a46bb090,0.021827242565155003,0.052577438616752625,0.09719435162544254,-0.0008081268906592887,0.05719967760245006,-0.09800247851610183,,,
2,A,14,branch-002-A-r14-f57711014f24434ebe62df1112a865a9,bd232617826a60911fc115b88e5ed73c61b83171b9464313f1ef0133f3e049c2,0.04660942280292513,0.019215829682350194,0.10099565665721888,0.0034875862181186768,0.05560696971416473,-0.0975080704391002,,,
2,A,15,branch-002-A-r15-5b779dcf3d5840399982fb57a6998d2c,8fb42c2891be15715d64ec0f9ff4cc30b450696b85d68e69b7e37a49e0e8499f,0.0577582063913345,0.025932114493846914,0.048047492730617536,0.007340825903415671,0.04391260453859965,-0.040706666827201865,,,
2,B,1,branch-002-B-r01-026f7562e18642d180c6488372806fb1,55bd7fe3c5cfb930fc7a0abfe07e173b16b578020bf8d1f89b51338c3223a6ae,,,,,,,0.4334593270579974,0.44255008750359215,0.02054176623684651
2,B,2,branch-002-B-r02-84dfaa789a7e4c2f9cde95051eab0555,b13239709707fa1c67c25ce894102d3f1106b9969abecb2ba06313e9724096bb,,,,,,,0.4542702000379562,0.4373126211166382,-0.03877678828024298
2,B,3,branch-002-B-r03-3416ba3164434e9385d7b9cc4c139950,5ce7e5dba6c5d65ac25438163fd22b66d4a2bf33ed90619702386a245fb1b9c0,,,,,,,0.4466377545833587,0.4442531824270884,-0.005367597240930657
2,B,4,branch-002-B-r04-11fda1113f144c0dabfd2b83047d750e,94380c62ef5ec8f72ad866e957082d627a43edbb02431976a52ba3b6c4195396,,,,,,,0.4314213014801343,0.44018742794195814,0.019914531641234693
2,B,5,branch-002-B-r05-fd8f5dcc72da4e68a23c158441ba13ef,75579a3a6ee6f3bf331b67d21fe48d18c7e6d5803210ac416863bf974c029d96,,,,,,,0.4287899762153626,0.42802730421225227,-0.0017818302608380143
2,B,6,branch-002-B-r06-b2711fb5db564feabe45eeb620e60454,f98140c62aa37bf2b6dc2294b5fd47031ffa0739a93928fa492204d24e881abb,,,,,,,0.4437076486170292,0.44854013480742777,0.010773810001357608
2,B,7,branch-002-B-r07-e72a43c69c574bc4ab1ef6f59e633413,aa510bdcdbb5ba0402a2e89bfb6b493e3df6ec83756343eb732f882a80ec34af,,,,,,,0.44464898094336186,0.4318267490148544,-0.02969300062527248
2,B,8,branch-002-B-r08-17c17860495d498ea6c2a917c5cb4f50,2f2d226fd26fa184cbd28b7f1f30ad2e5f480b7e35b3562a6ef6f7a6fee8a58a,,,,,,,0.444819406970342,0.4368815936406454,-0.018169255572313775
2,B,9,branch-002-B-r09-15a05e42633f476eacfb30a3bf57a328,46d81dc5a001a168b5df3fc34648616c7dbdd4fc38ae821eb3e60366ffa1fb81,,,,,,,0.4538169815063477,0.45568789609670635,0.0041056929674550885
2,B,10,branch-002-B-r10-d46bf385bc98426f863abaff13879d7f,efee4a92e0abd6f4b0f90c483ec542949993c63996f796a004d1ea42d62e3cec,,,,,,,0.4388611596425374,0.45125237344106034,0.027459609140740367
3,A,1,branch-003-A-r01-bf96f616e3ff4153b0740151ddad669b,69d311334c0c27ac6179be4d4a0469f06d4eee95249dc949c1fb9961af6d13a1,0.031269126856327045,0.04804741345643998,0.040926594769954694,0.013502605509758014,0.040081045027573904,-0.02742398926019668,,,
3,A,2,branch-003-A-r02-9efb23b4a1d3486b97a1f85c3a568fc2,80ec5f3e5c62c7887d3eb5639ed910995f6f64e1afda55dd3ccd9845058dd442,0.025222238326072732,0.014624621617794042,0.03180260353088382,0.011722595858573881,0.02388315449158353,-0.02008000767230994,,,
3,A,3,branch-003-A-r03-36ba6cec482549ccbbd1d487fedc18c8,a2788dcf10ecbf3a4265087862a6a8772935194cf72da025ffa9a5182d2353d0,0.06383323566913607,0.07445731315612797,0.019075454592704766,-0.00656448478698729,0.05245533447265627,-0.025639939379692056,,,
3,A,4,branch-003-A-r04-e87d073c6d034c1187d797473a7e329c,7625458bac531f168b29c0423847ca96bf93aea120e910300c1014c65469e6c2,0.028919117772579217,0.016746977782249428,0.0261005999803543,-0.003386373805999765,0.02392223184506098,-0.029486973786354065,,,
3,A,5,branch-003-A-r05-73de2093ce3c46bb8ff749bcb80dc6bc,a432db7255e83aab8962edb9687fc734bc2f1b64b0f6169cfbdd0d1ab002b5c6,0.07701509652137756,0.017943859505653414,0.06086257790327071,0.019672200155258168,0.05194051131010056,-0.04119037774801254,,,
3,A,6,branch-003-A-r06-94c5be5632ad448bb1b8e5a6fc49a506,a8b1e82d14934451067eb7d944fda0e0396efaac8ee6d9f96e839d2b69f48748,0.15938426403999328,0.05359678804874418,0.09632272522449492,-0.01259766123294831,0.1031012591044108,-0.10892038645744323,,,
3,A,7,branch-003-A-r07-c966967e5df64b35b958d2965585f11e,206e6e81658a03db67b5b5ae0f07e6b3ca3b4e734cb7b8bb314b433221af43a9,0.03173424164056776,0.07113326981067658,0.02400334011316302,-0.006989689922332787,0.042290283854802456,-0.030993030035495805,,,
3,A,8,branch-003-A-r08-b557416e67814aa38306113f68641f0e,ebea632b70e40c2a5bfb9db2b18a578bcddc03828cb9fde258089d95f066c400,0.009958683490753184,0.027217375135421717,0.10079742324352264,0.005381226146221163,0.04599116062323252,-0.09541619709730148,,,
3,A,9,branch-003-A-r09-ecce39f4c1fd4e8d9e64453579698ebc,03ab52f7ae9754b2c1fd9c58324871dea9c88e4cf3dbb9ce35b9ff571e7a18bf,0.0017539183259009938,0.044184579491615306,0.04047739914655685,0.02001699111461641,0.02880529898802438,-0.020460408031940436,,,
3,A,10,branch-003-A-r10-9510b807fb28498685cda74ca092e088,8d05bf7c6ef5dc9318f94991d49fb19af6bbd9aa8cdd6dde139803c263317ce5,0.05889139192104337,0.08638045268058775,0.09402504703998571,-0.0012744747281074331,0.0797656305472056,-0.09529952176809314,,,
3,A,11,branch-003-A-r11-19ab5fdc9a5f408b9088db9cae1bdc1a,96628826f333fb424e261030ead58fe5f98b1b35ea3759a20f6c2cbfe72bbbf8,0.06867557010650638,0.038178083002567254,0.000948905730247529,0.011909919619560227,0.03593418627977372,0.010961013889312698,,,
3,A,12,branch-003-A-r12-9e02f05595de41db85e35c9cf1055d02,2608cdd6d7afef82d8ed18355a6272103302a4bc10bb9f59b8a0f4be6a2d765a,0.02928286752700804,0.01984402285814285,0.0011589263200759703,0.0008857008814811551,0.016761938901742286,-0.0002732254385948152,,,
3,A,13,branch-003-A-r13-9ac8b7c71c7a45c4880bf214f605aa0d,48cd7a5eda1209004002f0a90e00b82a324104263aa63ba16310674ef58a70e4,0.05651509919166564,0.09135994975566869,0.026465824604034405,0.026196404504776005,0.05811362451712291,-0.0002694200992583995,,,
3,A,14,branch-003-A-r14-ac4c04bf8483453aa2239fe4d9a55e9c,fd51dac667dbd0076bfe1beff68ef007b7d23991aac26eb31441ac18dc525be6,0.02194441875219344,0.03431205103397367,0.07281337166428564,0.000685036301612818,0.04302328048348425,-0.07212833536267282,,,
3,A,15,branch-003-A-r15-90629c5ca3d540a88737e2a2e7d72d87,14ece219be635b1066021988ec16dd9ce3b240a7a5ae21748edafd7f99a2fb90,0.052113488006591824,0.032154622364044205,0.033554905503988264,0.013675275111198426,0.03927433862487476,-0.019879630392789838,,,
3,B,1,branch-003-B-r01-50d19133f8ab44f38ce2f6495a880564,b3c1a78d7d12ce51a9bdfe24b05a5d7e5f283be997b69eb3b5f9b72021c9552c,,,,,,,0.4386375153024991,0.43286775913238523,-0.013329142788731698
3,B,2,branch-003-B-r02-b14d5bb4215e45a896a4bb2ca955050c,55310f96bd4d73004a0d488741c8a088a7c932988a6eb17863710e516cbec68d,,,,,,,0.44702384492953623,0.44004995160897575,-0.01584795838531852
3,B,3,branch-003-B-r03-ba64984935664720a43a3e876fa95a4f,97f28431375141c445813557bbd9bdcf714636b33927013d21856e182b11306d,,,,,,,0.43285870473782223,0.4291616028110186,-0.008614708078699282
3,B,4,branch-003-B-r04-f98454a1e54c487fa28f99406422ac57,bc0dd167f80d85427fa9c038cd87071ba6abda58f76830150531d78e6a11652a,,,,,,,0.43632002282540006,0.4381912152965864,0.004270264683238416
3,B,5,branch-003-B-r05-590d55b2851c4abc827184a5b4fec118,230a073163c6ba3d2679a94caf04f3c06d454e681d90980448f92306d64015e5,,,,,,,0.43289217806657154,0.4349411579489708,0.004710935824196399
3,B,6,branch-003-B-r06-df69e546cc8f48acb37b06d3ae5bb005,96204c46a7bc038d794c007b480a1ece4989ca074194d2acd6af446727950521,,,,,,,0.435523343561093,0.43039541658957803,-0.011914455344688159
3,B,7,branch-003-B-r07-63e02b80d7884f76ae40d3788af6c881,a1faeebfde5448739d1c33c88f4be117a202b82385a94ad901a4380ebd2e978f,,,,,,,0.43370412070949876,0.43553764488697055,0.004209794948833002
3,B,8,branch-003-B-r08-30dd4aa06de5447187bfd3765480bf94,e5c6d400ce324e783a3541ef4165912474a7111a8db9f90d5eaf16fd6472d2a3,,,,,,,0.47431107277075446,0.4547298114935557,-0.04306130977620384
3,B,9,branch-003-B-r09-e2edfab124db45dd81bb0a858aea5469,00689881e3b3d8a8c4496c2a458088f673405a24bd7b57d05cfda0266d3ed315,,,,,,,0.43012105636596676,0.42478762024839717,-0.01255553566850849
3,B,10,branch-003-B-r10-df645dc4a1734a74a20b927db80194f8,d56eea169e41f9bd3495a7df940337f07034006ba493bf9841301ab908f9e3c0,,,,,,,0.44335343810717265,0.4477049117088318,0.009719512759085329
4,A,1,branch-004-A-r01-bfc318f983654d8985396520b681c0a3,a4b35743cd65d94933e4bdd04bd016e56dd56c8b37b5aade1126ec3f0cd0e3a8,0.03826809833049771,0.03310914466381076,0.02223215796947481,0.009274608838558185,0.031203133654594428,-0.012957549130916624,,,
4,A,2,branch-004-A-r02-fd1b297e1cd344daa26133fb24e3c47c,346ad8d33aa6a0aa229faf5b7ae062e8fb8c29da373d813a5b17642959f8cdf5,0.09029751693010335,0.10123509651422502,0.09841338731050492,0.0033816084027290527,0.09664866691827777,-0.09503177890777587,,,
4,A,3,branch-004-A-r03-7848ffd43fb14e0aaa985405a00b718f,f910954830341b246efc8ae47b05325c4e4cc539101e19a93960a62736072f6c,0.045828942680358864,0.018251285648345994,0.09841506801843647,0.00920898289680483,0.05416509878238044,-0.08920608512163164,,,
4,A,4,branch-004-A-r04-d598ec481f3a484fbafcaf4803926aaa,a21a34f61cd743a333cfa5b79ab9ba7d8969848f7c17727071e14d9eaedf18d8,-0.03900979629755019,0.017792971014976455,0.0661340902805328,-0.008670586788654344,0.014972421665986354,-0.07480467706918714,,,
4,A,5,branch-004-A-r05-7434a4344e374826a0303c027ab29cf6,57aef25569a729322c9e17d900b129b31b08932afefc241aeba53d4ce02ac748,0.030802119374275183,0.023920883798599246,-0.006529917979240407,-0.022877258276939427,0.01606436173121134,-0.01634734029769902,,,
4,A,6,branch-004-A-r06-a2691e689e9042acb4b22c065da88d19,c51d61927928e5450e9ab9d0bdbc8c8a04c63b1ab7e2c2be8ad868a11892793d,0.027782002258300798,0.032895957493782046,0.04805397181510923,0.009268334615230578,0.036243977189064025,-0.03878563719987865,,,
4,A,7,branch-004-A-r07-c25d8d628d3145e890bf3321790fda38,6f012de2356e2be3b1b9323487b576c5b8826b5dbf07c3c4a43bf51ab22f0973,0.0159473021268845,0.021319911754131338,0.030884953284263605,0.009854714298248302,0.022717389055093146,-0.021030238986015304,,,
4,A,8,branch-004-A-r08-b0dfdf12862b4e4a87583d31b7695060,9504012bff2602d4d8c885def4f78a8b949edc084a9ee64fb7adde3bea892bca,0.1033471367239952,0.028578490954637548,0.019130917870998354,-0.02573682690858836,0.05035218184987703,-0.044867744779586716,,,
4,A,9,branch-004-A-r09-f8446d8d8c5640e98e5c8bfc1fe6455c,3e3fc2fb9463c27b61be4e12be7a602c908225443502b5861973c2318d3c03ba,0.0229645156979561,0.018736649787425952,0.03565943644046787,0.0042376249551773215,0.02578686730861664,-0.03142181148529055,,,
4,A,10,branch-004-A-r10-d5bba19c1e1f46419771c69167bb8b93,1f7a1bd0db4a9debd40b250214828397f3bc28bde7567b2625b7dea84c774d58,0.0755196999788284,0.04508696129322054,0.06605387890338899,0.003203263092041053,0.06222018005847931,-0.06285061581134793,,,
4,A,11,branch-004-A-r11-75b6887a410c43978259c10794657f79,97b6396944dca57ff7ba2d50582c565188a6594c9c5567e167bd71f877142d7e,0.031198480725288413,0.06440123765468597,0.04901033495664597,-0.0130126914858818,0.048203351112206784,-0.06202302644252777,,,
4,A,12,branch-004-A-r12-8be95ff4ae3841c78e9d6cc3e399c651,6885d5d6c14e107e74276db461a7c37bdb363e5ef09998fc8da3e084cc73ebdf,0.02738587243556978,0.04678131318092349,0.03497041923999783,-0.008994383454322796,0.03637920161883037,-0.043964802694320626,,,
4,A,13,branch-004-A-r13-af8f2e5b8bf74be79c9940be8c36e7bc,150ab65ce34fcdc2fe50e1ca94331c1f6c3497e656b9eb85a17ee9cf239984ee,0.029229772448539748,0.049213537085056325,0.04383824844360351,-0.003902706027030911,0.04076051932573319,-0.04774095447063442,,,
4,A,14,branch-004-A-r14-294aff14db444253b8357c5fc8b2fc29,ec4c5ad981f336c513ed187fcaaf4208b8cc088b07cbb75835f74d09f6051f35,0.03781173039674762,0.05084997469186786,0.06725113608837124,-0.005844274425506557,0.051970947058995576,-0.0730954105138778,,,
4,A,15,branch-004-A-r15-5844928a79f0487c88e979c02597026f,9f79e9ec76f3969ee577a2179b366ad306033489a2af8c5bf992c260c2ba1f26,0.0167214787721634,0.03479594213366505,0.020629786825180074,-0.002600773131847367,0.024049069243669507,-0.02323055995702744,,,
4,B,1,branch-004-B-r01-5de5caab9c1c448183d22823a23eb3c5,421ad09571835e8aa0071d19e41fd6b48f599cafca11933d81800d04137fee83,,,,,,,0.4397329117536544,0.43191363797982535,-0.01810378993912276
4,B,2,branch-004-B-r02-63c6f2e2f3b54a5bb313769057566430,cc676f96b3f42d6bf9704e0b66ccfa68470c10cbcfebcad2a9b1e67ed323ed9a,,,,,,,0.44955070046186446,0.44958941720724105,8.611578452421902e-05
4,B,3,branch-004-B-r03-0b9254eb680d4215a3d56fd42ebfa87c,78274f5ac1421874b2bc80e5eabfb8bb4a01b9725903a4ae321514a54397dd0a,,,,,,,0.4485442727168401,0.4424741234103839,-0.013718653781763197
4,B,4,branch-004-B-r04-c68b61131b7e42ec8b2c37c55bbb2fe4,14fbfc7d4f1931655cbffbe33d444c14129fdfd193621df6f721adbd846eaa5e,,,,,,,0.4154103985746702,0.4293240526596705,0.0324082799433317
4,B,5,branch-004-B-r05-0e24f52751ee40818863bdda837df376,f7e9a65b32a84b50713a3a024960f3f366b33bdb8d6c6bb6b8daca5813207c6a,,,,,,,0.4455835677782694,0.43164345711072283,-0.03229542910451377
4,B,6,branch-004-B-r06-f6d6f3d4395748c39090e7dd8b1244b1,61222f37d760f86e92c46779f64ff598629a296a9dd6986cae1b3933d36336b1,,,,,,,0.4376853300998608,0.4387134286423524,0.002343439875257865
4,B,7,branch-004-B-r07-498ab9fafc3b445a99e22d6dff8a256e,f61cbae1ba90349d648197c25e0ef3493a36fb3ff2ed7d4cdc98525ba4c5c2f8,,,,,,,0.4273595198353131,0.4324005005518596,0.01165812877208239
4,B,8,branch-004-B-r08-9892362b3b7e41e59ef66d0d10a5edab,f2c61174492860e34dd38b801aa3b9945da4830e05a5444f1ce4ab28552c6118,,,,,,,0.42482109979788457,0.4253496289292971,0.001242575743495949
4,B,9,branch-004-B-r09-8b08da02df154e558cb749b18461f0ce,93ae638a446a58281385e6b0a3f472d0d57897240b578fc732a45453446fb7ec,,,,,,,0.44121405526796975,0.4553111982504527,0.0309615556055982
4,B,10,branch-004-B-r10-40ba4e3eac50474b8776e5dcd58f09d7,52d972a2f465a58b862402f363918f1eb7efc556689afdaae166d104ca9f5213,,,,,,,0.442749263548851,0.4447086656570434,0.004406035365417137
5,A,1,branch-005-A-r01-17abdf2ff5604077a4d9f9de1dccc97c,9a5931ca34d3d565156f9f389a6d01a471fa255988b59b3a74a99676fe0784a0,0.02578802109956746,0.025440650141239196,0.09589666968584065,0.0021832663118839246,0.049041780308882434,-0.09371340337395673,,,
5,A,2,branch-005-A-r02-83a962c8c6ed4301a8a8c6cfcb22eae4,3c586d950ba48776e26ae6f18d67ec78a516f4bafd711dd38313e81e1d16ca48,0.05304705632925033,0.08130323657989502,0.0716848365068436,0.015949665009975467,0.06867837647199632,-0.05573517149686813,,,
5,A,3,branch-005-A-r03-3a1093fc1ddf48a89a6d9ae18597e954,5300cb231f69b2758c350b5025057e17a6835a2d9513b4f22a7cb5dc737a5d1a,0.04773434338569643,0.02926699478626249,0.026725825202465026,0.0006466745495796178,0.03457572112480798,-0.026079150652885408,,,
5,A,4,branch-005-A-r04-08acfaf645484ce8b2f63db84815cc34,eb06cfe71a10e568b74150f89be8d2195fac566d7b85386a1dfb504aa8c1874c,0.035820973122119903,0.1116022370576859,0.03435239038467408,0.006047726047039015,0.06059186685482663,-0.028304664337635066,,,
5,A,5,branch-005-A-r05-e2d9c4297b554fe9913f3ffb56d344f8,d2bb9e6e15112b0a0f7b89a87df30f1b00d09c1c065cf1b07c0576de4b69f1bc,0.0563943550348282,0.014979378592967996,0.05466508593559266,-0.010356236845254885,0.04201293985446295,-0.06502132278084755,,,
5,A,6,branch-005-A-r06-9e8f9a1863b54bb6b75ddf97dbe8e8ed,bd80b062db8cc76cec98ff173f52d5b01fa11eaff8eb7b0d599d3dc1a5861d79,0.026760882383584983,0.02879871743917467,0.06890534888505934,0.0034681209683418146,0.04148831623593966,-0.06543722791671752,,,
5,A,7,branch-005-A-r07-c80ef669e6604a57923b523f82f8784b,b4a136601bd980124deb0787df9c0b56e945effcbe4f5943034b362b579b456d,0.0076074156761169465,0.05280928596258161,0.011253022217750541,-0.0070108232617377975,0.023889907952149698,-0.01826384547948834,,,
5,A,8,branch-005-A-r08-45c6192f80b74b8abf81af67e70b7b6e,789f66b7ef7dd6ce15656339c34256532403013b55d72c87a6664aa5da943547,0.05472931365966799,-0.0241488543629646,0.09328632256984709,0.017501953256130243,0.04128892728885016,-0.07578436931371685,,,
5,A,9,branch-005-A-r09-45749b06bbc04de9977ae73e06d99553,bfec40565edbb3478eac73d602b6e80bad6030220cb542ccce9247b84ac7b67d,0.11978880877494813,0.056413751435279824,0.02271152454614639,0.006891847956180586,0.06630469491879144,-0.015819676589965803,,,
5,A,10,branch-005-A-r10-213f998e177444899776316b5f626e60,3655c9491fd7b9181b8cb7ee9effa4d32e832afd7b2538d962726e3840303a7c,0.09135486632585527,0.03146050528287886,0.027927611321210855,-0.0012043163061142281,0.050247660976648324,-0.029131927627325083,,,
5,A,11,branch-005-A-r11-db9f44f6b908428f83aa3a07679b87fe,317061eb74fa8b909cc69defd02a503b2d2dd3d0099138f1105a5a0360bd5f12,0.05702903394699094,0.018694860684871695,0.0709472176432609,0.0009845557689666662,0.04889037075837451,-0.06996266187429423,,,
5,A,12,branch-005-A-r12-755f168c67c941848d7876bb899c5d13,2d79d9e3a474b5daf4b8019d280e5fb910660a6a61ea2238485f160679c05b3f,0.14691957454681398,0.07533200495243075,0.061560492634773256,0.0035077633857726886,0.09460402404467266,-0.05805272924900057,,,
5,A,13,branch-005-A-r13-a29a2e4f37ce4a8b87da15bbd48a87c5,adcd545ce6d7eb4e9debf6ad06fa6d4a3f01601be70633858de136efeb5dafa4,-0.012857687699794784,0.03592856731414795,0.05991763209104539,-0.014210277152061468,0.027662837235132853,-0.07412790924310686,,,
5,A,14,branch-005-A-r14-70b975869f1e457ea4709182995a4118,dd284f03397eef48a3a3934f9cdb027fb7763194bf7760a86d83e64f027ad661,0.07556572172641757,0.011837274754047389,0.05905416681766512,0.008024491965770708,0.04881905443271003,-0.05102967485189441,,,
5,A,15,branch-005-A-r15-ecb3bb27301347b88cae18aacd61b7f2,09a9830a3b81140ff4c4edefdadbecba52aba5f3a141d65a50e97ff1f9fb6e89,0.12065877387523644,0.04944632393121717,0.07281196972131732,-0.008876017165184047,0.08097235584259031,-0.08168798688650136,,,
5,B,1,branch-005-B-r01-60f71878e78349ad952e7b9aeab883b9,921bad4bc017a680fff2405b6f9ee8debdef6d968d340be77fcdf26d5a5e607f,,,,,,,0.42457149528861043,0.42507494261860845,0.0011843731058260214
5,B,2,branch-005-B-r02-1920e350763948c1b745cee2e9cf04d2,530a73c5cd310a216ae2955cbb153c4571d36b32da970b70851115eadfb3ae44,,,,,,,0.4366587101578712,0.44372064149777096,0.015915264424170846
5,B,3,branch-005-B-r03-28bcee0665674972ac3275e565ea18a5,d9b22502653b5f8988d61d7254435f120bf8534dda7cfc04956f0cb3c1b9a14c,,,,,,,0.43425582180619243,0.42348968654870983,-0.02542242609311875
5,B,4,branch-005-B-r04-54c8eef2f09145fdbbcc5c325a1b379f,702d3c4c36839e72757565c6c4315d3794cb7d060aa69bf6444b53e72c99f7d4,,,,,,,0.42333337727387743,0.42297708308100695,-0.0008423486924520696
5,B,5,branch-005-B-r05-aa678a86972d432383f03af6064b30f9,ddce020e4c4258d05eafe78612b5ab8e6f536eafa23063a5801be76e4644e7b6,,,,,,,0.42603357031742733,0.4269123281200727,0.0020584034349979906
5,B,6,branch-005-B-r06-c150d8f62f6f4298bb7f4c7cbf564504,a1058d8e182399f00069117f6952ffcecd135916dc523088e25ce247ff8edfee,,,,,,,0.44063887022336323,0.4486408522407214,0.01783605299738658
5,B,7,branch-005-B-r07-2c3084718d544dd7a92a9762358f8cd0,483c6a838b24da09c49b48a7736d2d85a096c864573f03c3cbfd2390f9246002,,,,,,,0.43924523653586706,0.44476284031271934,0.012405721154610798
5,B,8,branch-005-B-r08-850723a147464234af237da5e9693d09,db1b27de7afd986e7d5b4f908d2333f546cb080f9d484dc566701f097cb40fdb,,,,,,,0.4339839708050092,0.43575851665933923,0.004072314794749702
5,B,9,branch-005-B-r09-6539492705ea45648f0659a83d38386d,dd6778ce5c0a134cd312118addee385644a70414c9eb2fdf059b33138e247d91,,,,,,,0.4271656377156576,0.4307261436800162,0.00826628709819787
5,B,10,branch-005-B-r10-79a4b0dc503b4dddbf9c737573b0b14a,67eef9272da8c58ea27347142053148322781dfaf82e44602342c90b38803565,,,,,,,0.4325219761053722,0.43731831890145934,0.0109676237851996
6,A,1,branch-006-A-r01-018e7ed567cd429798083326654fbbe5,bdd6f3e0b5e35559693b5ca39ce259b4370d47ee6c19a9df52bdc6a18623ea7e,0.0504256070613861,0.0328885816514492,0.07606545774340634,0.006910643100738523,0.05312654881874721,-0.06915481464266782,,,
6,A,2,branch-006-A-r02-f0a2808270dc4225973d20858c4557eb,8f702353c60cbe6e88e9c00be1899e2d756a38e1798551c35a950e3f002ebc91,0.06651482911109924,0.05120453307032585,0.06186047179102899,-0.0047350359797477815,0.0598599446574847,-0.06659550777077677,,,
6,A,3,branch-006-A-r03-beb624fd1b494b6abb832d73edf1aed2,564d94d1171f4f3690cd813e3adf9d8ae26d814b73ce833bf8150b2eb2d5af2f,0.049504358214139954,0.03205749686956405,0.027435314464569094,0.012374735277891125,0.036332389849424364,-0.01506057918667797,,,
6,A,4,branch-006-A-r04-acd1f7f067644da096fd521e8007da63,51dd001e4bdf03b40c1b5b03d5e393990024d57a340bea4aa4efa9a24317ab43,0.03742139526009558,0.082300025331974,0.061255030226707474,0.0044410697162151624,0.06032548360625902,-0.05681396051049231,,,
6,A,5,branch-006-A-r05-404adbc604c3438bbe94b8c6c4235ce4,51276819879712b7438709d6874a2e09e27bbeaa46718d52423036d8c27b467f,0.01796137266159059,0.035073606818914416,0.02330227898359294,0.007962440529465709,0.02544575282136598,-0.01533983845412723,,,
6,A,6,branch-006-A-r06-7cf14c011a3a478b8ae0deeb7646bfd0,c7181e1084a2467f009ec9b4c023399d7b263ef7c7928a62e0313514676fc635,0.04632921788096428,0.06320633502006529,0.08278789648413654,2.505694329735242e-05,0.06410781646172203,-0.08276283954083918,,,
6,A,7,branch-006-A-r07-c9c09e48c0e447f498be1498f91b0852,5fefff8013e054cd79c394b9382e2acf5aa25ede6a0d5667c6064f6bda9440d5,0.036635017168521855,0.019396071892976763,0.07123803178071975,0.002766853725910179,0.042423040280739455,-0.06847117805480957,,,
6,A,8,branch-006-A-r08-ee10928f25934c56b4640f0ede4594fd,b5fe98cbb38d081dc9c3cc45337e124331960b4b5fa34828a49a241a4f6f2952,0.04284128666520115,0.044849202835559876,0.10814368321895607,0.009623546105623215,0.06527805757323903,-0.09852013711333285,,,
6,A,9,branch-006-A-r09-a399a9ba537e4e54b02e41fcd10854c9,bb560a4ec44b3c8622325a934f8a1aa6aae788344a6a5a69a4d8614f503c2980,0.0900827677190304,0.07016782262921328,0.026173407936096182,0.012778034478426015,0.06214133276144662,-0.013395373457670168,,,
6,A,10,branch-006-A-r10-a1c92b8f581c45198b97c8d9f198f11b,2bdb205d3d3f03749e139503a6d3002a7a94a8acf3fd58518682f0dc38be0677,0.13758589221835138,0.06242867994308471,0.05212874572277071,0.004490087437629686,0.08404777262806894,-0.04763865828514102,,,
6,A,11,branch-006-A-r11-19989cb46c9b4eaa92773ee9f860820b,cba712a83fd272b530d2523b30ee1ec60ac9e03ad3defe8b1ba341d006a768a5,0.06879074351787567,0.04887213523387912,0.021990432018041572,-0.005716171205043752,0.04655110358993212,-0.027706603223085324,,,
6,A,12,branch-006-A-r12-e5cc1496860e4a5f8c9ba071203132de,a4256bcce89a1df8a5f3796d305dc34b13aa5c0df9e1f0816b2d1c19a03b173e,0.03992267651259901,0.14152479520440103,-0.009030393147468563,0.0009370363473892307,0.05747235952317716,0.009967429494857794,,,
6,A,13,branch-006-A-r13-cc593717e43f476aafdd901906471610,561054751fe97c0c9500a6aa9d6024fb40e6670f64e3b754b7277f75afb3584f,0.021470458805561032,0.03785220518112181,-0.026767097184062005,0.02247820144593715,0.010851855600873614,0.04924529862999916,,,
6,A,14,branch-006-A-r14-1788f5de2a8545c9977362275f12b48c,98be666a52786ba9a7cc894bd828d394d76ab8cd6d7efea677032051ecca00a7,0.061123647695779826,0.06904760296344759,0.049536806112527865,-0.017394272017478896,0.05990268559058509,-0.06693107813000676,,,
6,A,15,branch-006-A-r15-d345a2819a834f789941b636a71fc78e,b14177747e19ee6182f56c80e44de8bf1ab064ed940bf305b958bd60c2cb61a3,0.03554200247526168,0.05651956747770309,0.0334562932550907,-0.007903680285811399,0.04183928773601849,-0.041359973540902095,,,
6,B,1,branch-006-B-r01-88d3380aa2564cec8767212302d16256,8e76c8b26c2c50dd769f672df452f272a50f545c49bf8e4cbd65b304a379f20e,,,,,,,0.45408347249031067,0.44936646932661534,-0.010497007421946404
6,B,2,branch-006-B-r02-9b1e1df684984000be39c28d0f838862,4f8cce0b62bf6613579f2bc74c3c9ee9d7f1caf4e71b3acb73cba564d03c53c6,,,,,,,0.44008532342414064,0.4435804740269979,0.007879405897033554
6,B,3,branch-006-B-r03-2fdda0c8d1c44cba97f51e0a603d3a9f,acc83feda2f2f06749702f9e078a0e301077716697efb33037f2b3804379495b,,,,,,,0.4380472168445588,0.4419642824848493,0.008862855654913288
6,B,4,branch-006-B-r04-5870d0da46834f65896c3056f88255f5,631d396dc84563423d1c148aa32ba881e03ba7c38086740c9aa54e1676408011,,,,,,,0.4876592657764753,0.5013122494717439,0.027234490498996212
6,B,5,branch-006-B-r05-c67c74d5bae54a57a0e26d645b5041a4,8dded2540caddcbfcb3fc97c50913637045306a4ae3391e5c192b7aa0b7189a5,,,,,,,0.4432316806197167,0.4475016436775525,0.009541781841839576
6,B,6,branch-006-B-r06-17719c97b15040cfafc0f7252405b733,bfabd0ada6f81ebee8132d96a8a17eb34a31b1a515059299072738f628f216e5,,,,,,,0.43589346231420834,0.4402385757143299,0.009869906091421429
6,B,7,branch-006-B-r07-805c43fa4e22435faffe2214ca2f2648,5285d097f8ab54cf26393cd29cfa5fc220669738f7d8181f80e816644067a283,,,,,,,0.4459718350460132,0.4449790460685889,-0.002231091522613509
6,B,8,branch-006-B-r08-3fe71a4ee1314493b6a230a8f35310b3,71bd7591bad928720070579b67c7a16144441ddcef1b1dc66b53825670898e23,,,,,,,0.46314243959486484,0.47804319433172543,0.031170310368482317
6,B,9,branch-006-B-r09-867b2bcb141a4d7dbd9b666363d76147,575388e84c5a25ccebcc9130741827a9509f6e36dc2ad570e4baca599b23a3d1,,,,,,,0.4330136521205306,0.4345827175577482,0.0036105104363913774
6,B,10,branch-006-B-r10-6912040e3acd4743978cc562dc803db6,cf2e3e7d2d27e1c951b7125f1a88e4919170653b258c02c38db1abc650a80489,,,,,,,0.4342695934464534,0.43074021358887354,-0.008193755182905929
7,A,1,branch-007-A-r01-6cf52f50b1e14c9a8d68020930c44330,7a2f5c7d2021c0b89b29adb20f1b39de635bdc3dbfbb1e55381e5c8b5c05c780,0.03021723470687865,0.02183688100576403,0.04473250594735145,-0.0035403992056846634,0.03226220721999804,-0.048272905153036116,,,
7,A,2,branch-007-A-r02-94e6cf5eb1164bd18f8526190c1377b8,6622b2574d299abeb4ef11d00d3db0ef5538d2ea16208d1b6f60c85703f0ee40,0.020775069630146026,0.0380667570710182,0.11831792523860934,0.0049592503428459445,0.05905325064659119,-0.1133586748957634,,,
7,A,3,branch-007-A-r03-d6c43d7f9b3443279bb2e3ffb816dbc6,aaa260f639dd984cbb649e536b76a54b6080230e4f713e3592a5e53fef3b4c6a,0.12190519627928736,0.03864453839063642,0.010636215424537687,-0.016297726035118087,0.05706198336482049,-0.026933941459655775,,,
7,A,4,branch-007-A-r04-a0f04c9002c347fca08b8709d530cbc2,71930d4ab06aa70d2249d3381fd6ade0bd03e0de763e2e1219b4674b69949e84,0.1123813490390777,0.042202571022510516,0.06280442068576814,-0.0018098298907279764,0.07246278024911879,-0.06461425057649611,,,
7,A,5,branch-007-A-r05-b169d15615f14475aed97fa4ebc77dc7,ea31f45ab01d73d00936428d6c777be872805c3df131d95c24b344e61ab34866,0.006671782156825068,0.037778787732124286,0.039404572254419346,-0.011137124598026293,0.027951714047789566,-0.05054169685244564,,,
7,A,6,branch-007-A-r06-8e86b8c0dd6147a1ac4c44371480db1b,866feeff15a1669e338651e0f96cd033c6b22b745a54854a744f0018c5d42d96,0.06771966733336449,0.10053000310659405,0.008250667226314512,-0.007081281876564038,0.058833445888757684,-0.01533194910287855,,,
7,A,7,branch-007-A-r07-7e56ccd02d854bde91c898f0bc6d3698,5a377c8af5fef7a02c4f32499ba5ddcc62b7ab8a835d055960be27b0e547c3cb,0.04529419633746151,0.009695579087734219,0.00887518320083619,0.0025681665420532185,0.02128831954201064,-0.006307016658782971,,,
7,A,8,branch-007-A-r08-c2af9115bf7d4e8bb6a8bed5ff1a1975,e515c36af7ead8b0052a156c14a4b8da573d7f8c706abcf4268b0107fb5c5d5c,0.019401770758628867,0.043325333720445613,0.0343078339397907,0.006340911126136772,0.03234497947295506,-0.027966922813653927,,,
7,A,9,branch-007-A-r09-a73e1ab828b54e7c9d45d846d903f976,a16a9927c7a48ef5fff7b50279f11a94d9be87094e154d179a20588d391ceb3f,0.017723999810218827,0.05221550605297093,0.0702388750255108,0.01214476736187936,0.04672612696290018,-0.058094107663631434,,,
7,A,10,branch-007-A-r10-43b57a3be5cb47ea8e5e87102d2a0c06,c83b1a371a601061e9d5ece9db3f59f7bdb19e5f151704fc839b16d8a40d2066,0.0993252594530582,0.007111332601308806,0.047434979832172375,-0.008273307955265041,0.05129052396217979,-0.055708287787437416,,,
7,A,11,branch-007-A-r11-71c39641eb3a4bbf8a6e0b6549a16c80,99852b98f62b1587241ed0ec70638c82f7ef70b73e962674128fe0e08b8ec119,0.0024669180452823736,0.04148665550351144,0.020399700248241448,-0.0002451785564422937,0.02145109126567842,-0.02064487880468374,,,
7,A,12,branch-007-A-r12-eba0734e993d424285dec9f3f2848169,0bbbf01c43235962846a2562177dd0e23a47f12f46e682c76dd14c3545ea07e5,0.08038636059761045,0.02216568797826768,0.03946559388637544,0.0003050396323203697,0.04733921415408452,-0.03916055425405507,,,
7,A,13,branch-007-A-r13-f8b036a92ba74291a012d6f498002347,f67dfb6643029c83b1ad21aedc02b1a96c1a0b41a3867c732193e284e0b7f472,0.018375541222095504,0.010119794303178775,0.057393864607810985,-0.009801389306783648,0.028629733377695088,-0.06719525391459463,,,
7,A,14,branch-007-A-r14-feec7ebca629416683189d36feab1289,1dd9a521af05a9f9ff1fd709f42d3153a46bcf061bbbc33b28accf24b74a87e8,0.040221012496948205,0.017790385234355943,0.029014645266532912,-0.03938419518470765,0.02900868099927902,-0.06839884045124056,,,
7,A,15,branch-007-A-r15-a771dd69c8594323889420b704ae6d49,e50332ac6f04d8dbd3cff878793be70b2870d34de97f4f9c7d6a8381b4f9dba6,0.04150845782756807,0.031698798656463634,0.09973179083466532,0.004290794253349328,0.05764634910623234,-0.095440996581316,,,
7,B,1,branch-007-B-r01-c7be0fd65dd8442685163531cefae0c4,ac7a9770da211dcc0107d1951204f29388039ecd4b812c59ab4262d110274cc1,,,,,,,0.43779771111806237,0.4258819791893165,-0.027978953116137892
7,B,2,branch-007-B-r02-21f497db7d294985a0945213182a9654,a22b1a63bb214f62fb2de11293a7cfe5b5e670d106e3fc36dbd993497e991f35,,,,,,,0.4361046660463015,0.4364884167750677,0.0008791773481677188
7,B,3,branch-007-B-r03-ce2d05fea1b04087afb7b4bacce37b70,7104b6c908af07fe07f8f34a8f3806f59b2919f30a0b5d0041e8828ee16dd184,,,,,,,0.4332094448208809,0.4346804922699928,0.003384203973428261
7,B,4,branch-007-B-r04-a2a39a6ccaea43e39bee30f6fcb283c1,77d2af2a2b740d4fbfc607f4b53fd7d8719dacaee5e3ff9869511106acc91c29,,,,,,,0.4264276288151741,0.4210523711621761,-0.012766244821662888
7,B,5,branch-007-B-r05-379a48492a3b485ba2781a42b8d709b7,7c756f448667a2ee37f26261ddb7bc249d72ac9fba8cf52d81cfd1951bc02a2e,,,,,,,0.43086087951064106,0.44173333397408326,0.024613162800342564
7,B,6,branch-007-B-r06-d309b821789444e9bc278e46a055afa7,f48a1b7ba4b6341d7bb82016afd6f7b2827f5e56802817e54869852f4c6c3978,,,,,,,0.4341915318131447,0.4409071725010872,0.015231416286215993
7,B,7,branch-007-B-r07-b4c7e360c24742b881065e8035151b96,b0db2a8a01ebd78dd713b5554d067c62245adcb05dd25fe326daccf0f113445a,,,,,,,0.439231643669804,0.43278755007982256,-0.014889738830964292
7,B,8,branch-007-B-r08-c3315d2bce334784a4794600321f1642,13b39776d317270a948c0a4078f84d87a1ea8830e257a579bf982917f4e6dee3,,,,,,,0.4357784306327502,0.438494716946284,0.006194570216148282
7,B,9,branch-007-B-r09-d1c2cd04cca74b5d9dfedaee17ca03c8,8228a3d516cdc9a8f88373c545bd1298b485be092961441c1881e1ca98d6dcbc,,,,,,,0.44740506130456925,0.4519025422096252,0.009952324859836072
7,B,10,branch-007-B-r10-aa0f22df8a5644588d13a7cad944917a,531bd11fb9675a6d27d996cc0a9447f3d57cf2450f0727a4aaaceddb45955bfd,,,,,,,0.4277315450330575,0.43889373635152973,0.02543256007994595
8,A,1,branch-008-A-r01-d58b172e34f34272a38217ccb9d1ac60,005d1aa5379f81ffdd633b988a4419c5fb9d0e01d1a127dc0c173ebfff30a008,0.06296819045543667,0.054933291095495274,0.048305696165561685,-0.013292504763603163,0.05540239257216454,-0.06159820092916485,,,
8,A,2,branch-008-A-r02-ebf8db626e9a4a4a8ebadd2da1f5f9de,de561c77f74b56edca80689aba463c7292b20348e0df75f1029f872a1f675efd,0.04126110005378725,0.028529821825027446,0.02178749811649322,0.003218889188766505,0.03052613999843597,-0.018568608927726715,,,
8,A,3,branch-008-A-r03-b8edb8cd882c492c9952227e40fa7f23,4f9d5a56c55968a77e9c87fd15fab6a992aaa7919735adc2fbbfccc752f0e7de,0.018822840893268578,0.03712345685958862,0.006175641179084812,-0.0029660151481628594,0.020707312977314003,-0.009141656327247671,,,
8,A,4,branch-008-A-r04-dca19a13fede4a3891ea6108a3d1ecf8,e34530f609cbce37bcfbef56c462671bc5022993b1f7e320ec68c6ca6506cf68,0.03822830607891081,0.047211448001861556,0.1230451015591622,0.0014362366795539483,0.06949495187997819,-0.12160886487960826,,,
8,A,5,branch-008-A-r05-25c9e641cc7046bda023bca4d16f9f57,ebd424729779d50826f9e65b7d7f00fbf7e8dd2e5591a770044545d42378b571,0.05461305217742918,0.023295079219341264,0.020908884859085042,0.013553254866600084,0.032939005418618494,-0.007355629992484958,,,
8,A,6,branch-008-A-r06-fd75c92cb05547e69c4c58313778b78e,91de33ba83abf2330bbd34d221c44780fb8bc84221275d0c4c2df4ea7c88cac1,0.016178082323074328,0.09735136222839352,0.029124399495124798,0.00959466006755827,0.047551281348864216,-0.019529739427566528,,,
8,A,7,branch-008-A-r07-7f51f3a7b17b411794298904f2503e5c,ad70cd2d486e27f40da150094cc413439a38361c43002c7ffb937b2faadf7e7f,0.030856651699543047,0.06533215610980986,0.09749459270238875,0.008129852998256692,0.06456113350391389,-0.08936473970413206,,,
8,A,8,branch-008-A-r08-3b31b43e902d4433a3bc1409c5db876b,c742f0ed9f2a33c65fe9a990b409cf6c71a59959387b2716823fa32d63b67fc6,0.03748185000419618,0.013235096240043653,0.04285117936730387,0.0013474979400634468,0.031189375203847902,-0.041503681427240424,,,
8,A,9,branch-008-A-r09-6dce8de50bd441128acdc3203b328542,87a2217d76ab6969003430c8234ccc99fa3c638d6938c7f95f38a0f55bacfb00,0.03905495169162748,0.058802692532539336,0.06306408649682999,-0.006675454545021053,0.05364057690699894,-0.06973954104185104,,,
8,A,10,branch-008-A-r10-b6032d864a3e4ee3812d0bfc6259a2bc,2b33dc174a91178122a46d9ca39b0697bdaca08fbfd31325cfdf40990db6a492,0.07773056561946867,0.03374994699954986,0.031525366830825796,-0.0022679129362106476,0.04766862648328144,-0.033793279767036444,,,
8,A,11,branch-008-A-r11-2e5ae1658ed74b1987fb1c0b6bf24de0,34bd6f12c48aa64c696617c97f81ded2ac7e7e5fef4c6cc40dac7eb01510750c,0.05989165549278258,0.16050256211757657,0.0844157349228859,-0.009961353015899621,0.10160331751108169,-0.09437708793878552,,,
8,A,12,branch-008-A-r12-258c460c3ad04b8e8e2d00cb240809e1,ab441a398abf3e47255044a0f87f73d672cf2154c0fefb92ace42c2d8527a164,0.060630321300029766,0.09016049358844752,0.06996732360124591,-0.004627271223068274,0.07358604616324106,-0.07459459482431419,,,
8,A,13,branch-008-A-r13-33181252d5f44c988106ec762068c0b1,9bef0509374a10d6b76f1b8bd557d9bc73f7372c132597479de2e8e561998e0a,0.006332127106189744,0.0014425017833709641,0.05159978241920471,-0.00014540994167328014,0.019791470436255138,-0.05174519236087799,,,
8,A,14,branch-008-A-r14-ddfb14412d364961b2bc5f681005831d,6a8c40325f508cea2a3b080b1291bcb99aad085abf7f5ad0497d7b5cbc4bbb39,0.09749423644542687,0.011864763033390013,0.03825218576192857,-0.0020113422036170947,0.04920372841358182,-0.040263527965545665,,,
8,A,15,branch-008-A-r15-191d7189b78a4d32bc8438eaccf7f2d7,8ec5f6e0ce81cc5e8bc11b42bcb41b1cd5256bba62280eaeaa372f2c9638e686,0.019652014434337617,0.021785595536231994,0.13084960231781012,-0.006349846935272241,0.057429070762793244,-0.13719944925308236,,,
8,B,1,branch-008-B-r01-261043fb3cb149b8a67d58e78d5eee75,b98368e117215d7afb3788c38646f863cc143380bd73f1b1d597ee9b270b1014,,,,,,,0.44649597872098284,0.45093230625788366,0.009838123095939212
8,B,2,branch-008-B-r02-a2b53801131544b9a6ba545a92281de7,0508d73d25ff378e9694ac294f4981e824e1cf7e72b40b45c96c49705fca6379,,,,,,,0.44645365538597104,0.4333044454296429,-0.030346353689702
8,B,3,branch-008-B-r03-a6d3b18b17cb4701a3ec68f181e0cb74,a0f49d08652f3a7bb5324f843a01daf58ce9006377713a0de8435512d545540f,,,,,,,0.44435953274965284,0.439179505443573,-0.011794783777189266
8,B,4,branch-008-B-r04-3187876fec604cc4903a0984275afa58,7d1e0826cd542f1cbd6cb1a6d2da238250c5d49a79173d84e90dd3a0d8173f2d,,,,,,,0.4569341424942017,0.4476810469786326,-0.02066894629115441
8,B,5,branch-008-B-r05-758894b6d512404ea9ec7c2ccc14f05a,e95f305ffa8516ca96991cc17b492f0067efc6f7cc94709550663759f78c99de,,,,,,,0.43404780840873713,0.4328980964183808,-0.002655849032066877
8,B,6,branch-008-B-r06-fe78c1d8c2314f5aae0ad2958eae8e27,6e8acaca3d4a340c856a30dfa69831a5801c7dc348e0d9d4f03e70e0cee70dcf,,,,,,,0.4556422382354736,0.4450962887048721,-0.023693636182156887
8,B,7,branch-008-B-r07-c40274cbb748409381bd4796ec6bf359,1deb44a67810fae6cfe53abd227f5ff7daddb991be5ce81b28c6ba28ecdffde7,,,,,,,0.42987025002638496,0.43400041331450145,0.009516496209241034
8,B,8,branch-008-B-r08-3a9eca22c85a4f9ea28677803d431ca2,7e046e95eb69a04e09c09cd4b5eb5576b8e90c11db45e39268e3514e8d94dac0,,,,,,,0.44438229195276896,0.44550808035532635,0.002526976394366386
8,B,9,branch-008-B-r09-640d2dcc300a4169819b39879a4863fc,252d759973d18817614b397c6048a36f9b15ee3a7e878c13f637098e3ba76425,,,,,,,0.4431507359822591,0.45181255963643396,0.019171276825825433
8,B,10,branch-008-B-r10-da7123a553334bf0a10edec4b43de9f0,a7f16286b064f192c2807352a0f1ce31788c9cd032fbb1c55da7919ed3509ae4,,,,,,,0.4398540477275848,0.4363532680034637,-0.008022810829718176
9,A,1,branch-009-A-r01-d7d9f093f5404695abea5f4d8386aa32,13a82722865461085f97da118b6424f9f8a5404e9d2ca9c7ce1ea84e3d82dba6,0.04192839720249175,0.07979208122491832,0.08480253818035127,-0.001355634897947322,0.06884100553592044,-0.0861581730782986,,,
9,A,2,branch-009-A-r02-4dd1bc113dad45c8b80735f98bae30ec,61203894760714096f21be2a9ed12a9be724f988b3b80e541f13e900a1b5f8cb,0.0020251477122306683,0.025323454093933107,0.04756903734207152,0.016772544586658444,0.024972546382745098,-0.030796492755413074,,,
9,A,3,branch-009-A-r03-8439eb23c3564b968d6e0ef4ff379ae7,92fe3797c701dd8e87512a476e1fb42ecee82ceb555a2ae692ac6a5f8b72a25f,0.057064330625534065,0.010276798319816594,0.030219919860362987,0.010988193893432585,0.03252034960190455,-0.019231725966930402,,,
9,A,4,branch-009-A-r04-fe84934237804a0ca355692bec999887,732a7e63866f76703f7513b8a0a512b98c3d9859623a06d7382ab60446db5c27,0.0848357464551926,0.15007141687870024,0.010784271240234344,0.00793856518268582,0.08189714485804239,-0.002845706057548525,,,
9,A,5,branch-009-A-r05-0ab8d7de51114cb2b2bb60dbf6d1e821,ba3f98e2c086c156aaa99fb3b562329dc8751479be5fb317748942a7275b53f0,0.022260298347473173,0.1048639523386955,0.04304453861713409,0.009101034998893753,0.056722929767767584,-0.033943503618240334,,,
9,A,6,branch-009-A-r06-d78d3f8524b74cbc8cd1f15e0870600a,a1d413400b85316a23ad83f916af658d50cff94320a878a124546e02c3e1d8c2,0.05595456920862196,0.07258215556144715,0.04554722573757175,-0.0037407726228237403,0.058027983502546954,-0.04928799836039549,,,
9,A,7,branch-009-A-r07-b18f99f2d39e4a72806b887735f541e6,c3618baff6b0119a380a3b83bb2b1d5493a4c0130a60f4aa1cca2b6c5144db27,0.06267272401452062,0.07664078700542454,0.09718720599412917,0.025351024544239043,0.07883357233802478,-0.07183618144989012,,,
9,A,8,branch-009-A-r08-796ac2397a2345ffbde796f543920ccd,63db9caa3201eeb273fcd3c2b73d479790f7796b4e1a4f53249420824e1e1c9b,0.0031649006128310897,0.09719248809814451,0.07101682522296904,-0.0034182136178016465,0.057124737977981545,-0.07443503884077068,,,
9,A,9,branch-009-A-r09-db00128e200740508b693ccb933c93cf,82d10bcb4817c4e1e35920927c66e97cee1f2310286830d41a356b8132829469,0.06105760526657106,0.01771524974107741,0.034457514226436614,-0.00887609173059467,0.037743456411361696,-0.043333605957031285,,,
9,A,10,branch-009-A-r10-7701784391044d7a9681795261ebe00f,a92e48588ad2a099ebd95412365002ce860415e6efd4c5c86f2755f58db2f08d,0.09877191768288612,0.0741712638258934,0.03492556684017184,0.001823455429077192,0.06928958278298379,-0.03310211141109465,,,
9,A,11,branch-009-A-r11-58cfe6ff61494a86a9454bc8f3d0ab4c,965b1ca4f06816fa1d3e60cd1b4c841879a485f5d2c1892992480694f2610967,0.029031332695484136,0.10229503302574156,0.0368579830765724,0.00939845801591871,0.05606144959926603,-0.02745952506065369,,,
9,A,12,branch-009-A-r12-05e8635158624a449ae99db89f6ad407,45b33b68e88d6d30f65fc85b6daab7f38951599d5900604c04853c544eaa6467,0.0036931070208549577,0.019554571223258987,0.03442670657634733,0.011165038979053465,0.01922479494015376,-0.023261667597293867,,,
9,A,13,branch-009-A-r13-655ab8d1452241e9ae9a3c1d7600f667,36d7d871dc2c90a92dd1550f0a4620aea6adc0e22ae53a493c36afd60315f362,0.012460863018035895,0.05247932178974152,0.05266858308315281,0.010676005089282958,0.039202922630310076,-0.04199257799386985,,,
9,A,14,branch-009-A-r14-15d73886d3094a09bbff939e01156f4f,bbe7ef35125d8bb099aba2328046b01607d3374c4e2d479fb20413dd6f5a5e11,0.023316806447505944,0.03843312383890152,0.020218915939331006,0.0038520864486694673,0.027322948741912823,-0.01636682949066154,,,
9,A,15,branch-009-A-r15-b78eb21ea8d34bdcbd40957b3031d97e,5dfccee5d1a3ab6d163a2930724345563d0acced84888177c08609ee9801ccbf,0.03623964471817015,0.01612071363925932,0.09258126938343048,-0.004268802881240874,0.048313875913619984,-0.09685007226467135,,,
9,B,1,branch-009-B-r01-174b4f2905d44738a2362080ae939154,7f9bb35dbf3c20e336f00c1e79e192e59d35616a36a43c52633ad7975c30377d,,,,,,,0.4552419599612554,0.44039138950506845,-0.033721300665929606
9,B,2,branch-009-B-r02-eeb63e18ffa14c098e9c29f6f860a4ba,6e19c48a349f953b0ae78eef73511a0af537d012bbe38ba68020988321c8a8c4,,,,,,,0.4391227624515692,0.43289955234924954,-0.014375644577472329
9,B,3,branch-009-B-r03-dea7fd965b3b458a8af0dd8cc143daea,5107648636177bd9b364b44acb27474cb4af40fba23faff0dafd072be5548065,,,,,,,0.4303507727622986,0.4329036961277326,0.0058972085206699994
9,B,4,branch-009-B-r04-2ada672a94474af6bc927842a365e23a,efe1ecfb633e0f71286f7d9eeb34f14d05cd1df62f65366f49ae7c5b45b9c966,,,,,,,0.4194260932048162,0.411899528948466,-0.018272815886837063
9,B,5,branch-009-B-r05-34b566ae48c84dd0ba347ed1c86a48dc,50f29984998447702ece47d11ba9fbef112ed41dca112041caaebe4f1208356e,,,,,,,0.43485349101424214,0.4301627554814021,-0.010904559897545229
9,B,6,branch-009-B-r06-e82843b12fc948b1b121061345bf9101,d6049ef7654a05cadcbb5e9ec44a8761a3fb3f95f7b17eb0dc4605fb9245c762,,,,,,,0.43509602852662405,0.4400701427380244,0.011303003154116462
9,B,7,branch-009-B-r07-890b40d6f0e74caba3b806b18559026d,8236597f7d8c7d0652c9880f93e2b31590958758b5d02268bafab7743757d008,,,,,,,0.42697985605696837,0.4214267101605733,-0.013177014561509815
9,B,8,branch-009-B-r08-41a81dcd315e432ea801fa610ce11793,bb0898fbbb96079f42e83656e8fe58cc50799893dfc1b5ff044850f734af63d7,,,,,,,0.425596257241567,0.4156931129535039,-0.023823209910073227
9,B,9,branch-009-B-r09-e14c6543239345b0908e2fac54f04a2d,b073f96f84a8ce3acf18b764be4786cd5f96ee0b74bf318cdbcb346096a128a9,,,,,,,0.43625127582550044,0.4368818260391553,0.0014432969651577273
9,B,10,branch-009-B-r10-7d584b1e1420499e81ac753ff83602c5,36b60656f9a3c6a46bffaa68385ebb4764246aa87000a5d8b763c04472c6e664,,,,,,,0.4279380160013835,0.4233397614280383,-0.01086185374563927
10,A,1,branch-010-A-r01-1b9625dc60d9470fb7c634e716d7ae41,2a4a0a4379484a4620bab94a0a26f543de11c8a1586ae277583d99dd643f894e,0.06395264568328862,0.019450211691856345,0.021953377503156624,0.014640359151363358,0.035118744959433866,-0.007313018351793266,,,
10,A,2,branch-010-A-r02-50451d809ff549df8dc1881a98198508,28871ac3456b6a1ca76ac8ad93b876e8d9a7e06ed743ed8caae6053e9ad96a80,0.02861375379562381,0.025663843965530397,0.11755313115119936,-0.004714418792724606,0.05727690963745119,-0.12226754994392397,,,
10,A,3,branch-010-A-r03-5a79c14504e948e79033e2ffdd529d02,2719f9b46d722200ebfec746dd21c9b7ea34260f7b6e792f777122882723cff5,0.06647689164876941,0.048541778230667076,0.019985418605804495,0.01573946176767349,0.04500136282841366,-0.004245956838131004,,,
10,A,4,branch-010-A-r04-56ce9968474f4bd9b0f01b9d0c299340,e897a1c42ed283dd025d69ac5ad21b53ceeae52125ba1a3d58748f90afacc6dd,0.08270336663722994,0.052354705268144563,0.06992047027349474,0.03801076068878173,0.06832618072628975,-0.03190970958471301,,,
10,A,5,branch-010-A-r05-43ce090f690f4f8b9a2c44fe2e1b1862,957fe4576024c69080f1d74e6d8e27cd5db552787c7be2d9566fa6fa609a69b6,0.08426295604705808,0.033605852282047266,0.009111024224758124,-0.0316876738548279,0.042326610851287826,-0.04079869807958603,,,
10,A,6,branch-010-A-r06-3e7388cf38e24a619dd0b542e02c3b2c,2fb621a745aecd6721fd96d1a8871bf40d61cb891228e09b02d028b3792c2105,0.04319779999256135,0.05861113928556444,0.04875347052812573,0.006519692075252492,0.05018746993541717,-0.04223377845287324,,,
10,A,7,branch-010-A-r07-0f9ca32a17fa4f3eb912e916c65fbdc4,eee31d74a481ec2939c7c0f112c492beb6d753f8d5d75834078c28b52ec115bb,0.02858146116733551,0.01891926686763762,0.007167506933212275,-0.0032546497106551997,0.018222744989395134,-0.010422156643867475,,,
10,A,8,branch-010-A-r08-abb2d0d30dce4f408e527240383edb79,236cfd95f7e15c5fcbfc4282f2a9a2b0255e77e034cce0f00d220ae441214dcc,0.1426439551353455,0.009924441266059902,0.038167592895030966,0.012515571129322056,0.06357866309881212,-0.02565202176570891,,,
10,A,9,branch-010-A-r09-99b7f16d55e2480eba80aed0bfedbf78,f2c159c946d4bfe40ff69e3f01e21bacf0700217ced7cb0a3b264d27f0cf0698,0.04824639832973482,0.02257558314800262,0.031827913594245916,-0.0019427639961242527,0.034216631690661116,-0.03377067759037017,,,
10,A,10,branch-010-A-r10-6f032ebdce63494da90fc113716391d3,70bba13110e112359390cad6ef1dd18759ce600261a7848f5b468fa345f2a3d3,0.03667102018594742,0.06160818173885346,0.035248532879352534,-0.004607575389742824,0.044509244934717807,-0.03985610826909536,,,
10,A,11,branch-010-A-r11-e43b9ee8e4f146db962be1b7c77ec235,6f84d8d3aa4f157137ca57485c513e93ef6a9598ec4df7491349ec82200fbdf4,0.045487138408422445,0.06784341043233871,0.015223522084951369,-0.0038531025886535675,0.04285135697523751,-0.019076624673604936,,,
10,A,12,branch-010-A-r12-12c8b63f27494c24902f10c4de369327,2fb7f10ac18c5a3a1fa88003535cccdacbdcb69b49f7abccbbaa6392dc3bd252,0.08933032453060152,0.04527834875583653,0.10729893989562989,0.01340907394886015,0.08063587106068931,-0.09388986594676973,,,
10,A,13,branch-010-A-r13-7b4e236a6fbe40c5b3cb8ce581b80d16,58598dbbbab0a507bf7025ed992f038021904c8c53d3a5f03c70e3a29bebc1f5,0.036624739342927926,0.08008643723726272,0.01720751689076422,0.0004206688821316029,0.044639564490318286,-0.016786848008632616,,,
10,A,14,branch-010-A-r14-6baa3a7ec5dd4de08b121b50d1110a40,f8793ea3a28b35267a6a642c2386a842bebb940c08a0274c84606988682362d9,0.04694384291768078,0.09801584920883177,0.057023814189434086,0.002421237945556598,0.06732783543864888,-0.05460257624387749,,,
10,A,15,branch-010-A-r15-a0d43513bf7a47b2a0cd26974e65342d,0d10688c58e11f5602aff7e70719f6b7f9f101a52f1f5ff029cee930838f85d8,0.06693132941722874,0.04526948020458221,0.1376784394264221,0.0013970877647400126,0.08329308301607768,-0.1362813516616821,,,
10,B,1,branch-010-B-r01-be3678e9796848c682e7938bd438a821,28b502abcf4762579828c1ff60f4843c3dfa43f471275fa3dfa0f11cb97d21b6,,,,,,,0.44194355802933377,0.44406670202811566,0.004781137583802579
10,B,2,branch-010-B-r02-9010f425a902499cb3197d215ebf5af7,1eb54471ad3f4133dadb9afdab832106e0f80727696c5921a6eb1c19e6095330,,,,,,,0.44985027500589697,0.44746876101891203,-0.005322190495627216
10,B,3,branch-010-B-r03-b4b53077bd7343aa8203b5a4f8ca7ee6,c9a4484eecb58dc970748b3742a1586c093c788ae6365bda25ed85f20aad72d2,,,,,,,0.45034024100303655,0.45012388211886084,-0.0004806651963393767
10,B,4,branch-010-B-r04-27225a4d357745669849768108cb6a71,b0c9cda77b6c5ecb4b00fad3d2bf3bc9f28812607daba8cdd46e0153b3f3d46c,,,,,,,0.4675467501799266,0.46297398332357403,-0.009876941299219028
10,B,5,branch-010-B-r05-3f1d1725690c4350b51c883463a85a94,251b6c488b65546055c3ee117417a848c4bea55276c98142a1b99aa8d98f5a80,,,,,,,0.5130745387474697,0.5013676020105681,-0.02335000644228869
10,B,6,branch-010-B-r06-c3040f3121eb4a6697d82692d1939178,670763b05095d905c65a93cf33df8563992bb0159d9c683344701580db08f105,,,,,,,0.4439082813858986,0.4340204659144084,-0.022781910642527495
10,B,7,branch-010-B-r07-32624538290545fd8c5cc5ae5beeab5b,67fcbb7e8b7d42a650b984c38c376b9885bc23c18e1d185433710730650152a4,,,,,,,0.4367827956795692,0.4398862464904785,0.007055121262984344
10,B,8,branch-010-B-r08-244aa00667e943299076fb3a34eafcbf,d80649b7860db5765e02cc3a6c0d84e41e0cd9182b4fa8de41840c141dcd98a1,,,,,,,0.4738313758452733,0.46117841180165603,-0.027436158588141073
10,B,9,branch-010-B-r09-badba705cfe041119d1ee6d141247310,98c650740c184f609e9b27ca4227f69f2648e7c86a87e3c8ebf75421c270eb4d,,,,,,,0.4278475073496501,0.43107688186168674,0.007491411968301292
10,B,10,branch-010-B-r10-65db7ee5e37d403fa3f15d5e65f7677e,e5a1211dc096b97c72351a073d865eb57912c2498d5fa63f173fd7fd8c962265,,,,,,,0.4465431433419386,0.46173514529267945,0.03290198310789424
11,A,1,branch-011-A-r01-2515ec17ab914b0b82a098dbc7a0b214,3838c72e56181a5e616e22981dc55564ac9f2717e7cff7b4a4cceb528cf76843,0.07129750162363052,0.03177137885093689,0.031680266571044946,0.000934883832931499,0.044916382348537454,-0.030745382738113447,,,
11,A,2,branch-011-A-r02-a795165f5004436790a58c775903f6dd,bdb2fbf006d0664e2154a1a498aa878e1679101eb1e7068be11a4ee757506002,0.02876143133640291,0.05391844197511675,0.03728383690118792,0.007765740466117832,0.03998790340423586,-0.029518096435070085,,,
11,A,3,branch-011-A-r03-811f82fc8e7a4cfcb971783c870fcbd2,17cccd34163ff20c50e0fb1fc0d585753e44ad8333bdbb68539fe0983670ee30,0.07933943994045262,0.007824274003505716,0.0591097426176071,-0.0035399525880813743,0.04875781885385514,-0.06264969520568847,,,
11,A,4,branch-011-A-r04-da6ffe8db51046bbb95baeef69a2e653,d39aa2c40a90877a4c0ff71ac3855e57ee8d4bb50893c22877f0aa56d70d1c99,0.008420302486419673,0.009498536837100946,0.031772177731990814,-0.00039992841482167085,0.016563672351837144,-0.032172106146812485,,,
11,A,5,branch-011-A-r05-7233c581954545899f84736e6e7caf41,eb3fc0329ed168fb2a855685614d1174cf910349f9731da69380aadd37742a6f,0.0748634511113167,0.034257867383956864,0.06625396759510038,-0.008120513486862158,0.05845842869679132,-0.07437448108196254,,,
11,A,6,branch-011-A-r06-e543a41f6f4544c1b865fae498b81aee,ac266611b536a5daa8aaacf17907c8abe88f6c16058bd7ecd8a0522917e33e9a,0.03153275405168532,0.019776753079891185,0.04136734412312504,0.0059661178588867325,0.03089228375156718,-0.035401226264238306,,,
11,A,7,branch-011-A-r07-d5c0c4db5742453bba04d9b63f6d4f8d,6a7e9fcbeda3a05c629cb0be221a96b2a196eb5f894b76bc8b94ed961e64ca75,0.058115521407127335,0.028585489797592123,0.03055815804004669,0.020617308115959188,0.03908638974825538,-0.009940849924087503,,,
11,A,8,branch-011-A-r08-b7667cf4a4dd45b4835c9f2cec4b7a34,26ee0dafab6a27746adfeeadf745f2e96daa8488a8fa1f0b9f26d1505e61a0b0,0.06376909725666047,0.01657174119949345,0.06671853309869769,0.011728004384040813,0.04901979051828387,-0.05499052871465687,,,
11,A,9,branch-011-A-r09-d9b068d6bf63464283ce1830ac85b703,8c9f8c90204ad76cd7aac2e0012c45352eaf8f2c7e038b195d7242777299b474,0.02381669265627856,0.0690039491176605,0.021946968841552728,-0.0037095455527305643,0.03825587020516393,-0.025656514394283292,,,
11,A,10,branch-011-A-r10-83649ec248fe4c21b47741e49a5d67f1,d7fe1d1a419a7547c7c9781eb92603390f22c8642a94ee9705a2323b0fa8ac6a,0.03277474244832995,0.0257859098911285,0.030806737756729152,0.0050840332269668775,0.029789130032062534,-0.025722704529762275,,,
11,A,11,branch-011-A-r11-d530c650d07741c191ec20f698ca15ad,af1fbf2c8f7cc4c3b62eeee821393cc109d34fb1663abb31247b65200460d8f2,0.053039725089073175,0.013210624420642858,0.0399306766271591,0.016023769211769123,0.03539367537895838,-0.023906907415389977,,,
11,A,12,branch-011-A-r12-50cd5b8c1bd54f5792989451b8185671,7bd4201f6aad3dca5657a093a7f85b2b663be03c503b6fd4df5a5430dc3dd07d,0.005655277657508839,0.07074606876969336,0.03880739309787751,0.015347223162651025,0.038402913175026566,-0.023460169935226483,,,
11,A,13,branch-011-A-r13-477eb363c73d4fb5bf30a5e6a60a6a03,20970290522492f80d2f4b5c6a05f745080df4d2413a30166ac40a84ec6f4ab8,0.03115444074869156,0.05662245292663576,0.02261912583112713,0.006933260130882246,0.03679867316881815,-0.015685865700244883,,,
11,A,14,branch-011-A-r14-26521a9f14ab4ec5b34b7a899a88e433,59be1bbb1fff5f64d326471603d89c82c73af6f799acb8da3bc433b33f08d9fb,0.011592890512943266,0.03970407295227052,0.016894444131851205,0.018556732130050657,0.022730469199021663,0.001662287998199452,,,
11,A,15,branch-011-A-r15-9211e973803b486a89367193fbe92964,fd347c723f6f3dfe8cbd07d399c61c8a45e21643c3acc87e3f77cf8b3f7adc80,0.08610290004014964,0.07808289113044736,0.11970605651140215,0.01646031653881075,0.09463061589399972,-0.1032457399725914,,,
11,B,1,branch-011-B-r01-0bbeffc7bd244a0597fc207a12cee8f9,3a9fff947b6e757723017b869da384a38db0bf2ba3685e6b2d8ab3761c749399,,,,,,,0.427952529557546,0.42291899980703995,-0.011901876607110614
11,B,2,branch-011-B-r02-ede72596caba49b4a1b6bde9cc57087d,846d752fb74291e167fd462363f4c7a230ca750392aab9d74c514ab29c31cd53,,,,,,,0.4420409139593442,0.4387587189356486,-0.0074806377219297565
11,B,3,branch-011-B-r03-9f105cc0144a46728bf26e0afa7d6c44,f39d4838cd795ee0e9693abb4553d31cde7749fb79a32212d1ee428e5e95cae2,,,,,,,0.4392699024319649,0.4416305781930685,0.005345363019839586
11,B,4,branch-011-B-r04-878a05201d9a46b48e6e73f6c3b43620,3bd0d1bf83c5fd9cbff77a55362586c5b76a993a5e1b7553c78b3808824a31d9,,,,,,,0.4571624596595764,0.45126322525342305,-0.013072712501313258
11,B,5,branch-011-B-r05-25f59620e2644da38f0204d84e02378c,e638958cde35d87517af6398b53e2ed83e3418ed14189b773b7d83716e5425cd,,,,,,,0.43645909824570017,0.4363276783674956,-0.0003011953738444668
11,B,6,branch-011-B-r06-b4397e02647e40eb8361e9e6ca4b300c,62317d758e3535c218349a711d8fb5ff20735d597031725e8de696658e33cf69,,,,,,,0.43442323884367945,0.42915404159029324,-0.012278102365902046
11,B,7,branch-011-B-r07-d84288cba79248f3aacbd47a1d21f15d,0e9e04d89886fdfba76220cbf6d0260b3380c6a7c11d742817d8a2cc1b82c5fa,,,,,,,0.44490781529347095,0.4492225560585658,0.009604906759250844
11,B,8,branch-011-B-r08-0247e95bc57040bd92674f5c9bd402b9,f71525ddf4cdd95f077c4d5e672d972b599b533eaf9e8ea7d48405aa15281b58,,,,,,,0.44430141635735837,0.43459265947739284,-0.02233990075129323
11,B,9,branch-011-B-r09-4dbfdfb632264d8da3f506a8b738374b,b824110d566a3a338d0aadaaeceecde1a8c3a2be0b3eba71bf4c54bb771f1004,,,,,,,0.44678558188279466,0.450184993092219,0.007551142889225477
11,B,10,branch-011-B-r10-01ec2844876b4b369807f384a92275b5,3a8b74d2141ddedf2bcfded9f4ab5783d024bc97525155cc07f8fe1842cae76b,,,,,,,0.4409871290564537,0.43526473147322736,-0.013146936035589009
12,A,1,branch-012-A-r01-6b71bba5bcad48f0bee1b5d3f00b43cb,312020eb30c7dabbc7d381f5bf606ffbb1baee1b8ac73b246d0ffd383f701358,0.029665249109268155,0.04349445486068726,0.06717791006565094,-0.01814747955799101,0.04677920467853545,-0.08532538962364195,,,
12,A,2,branch-012-A-r02-40a3b8f842554cdbbfc9436e8cfb380b,99a49f01b5f1519f72fa8e116bda1f815e6359dabc7535f0e555f003fa235d0e,0.03965776700973511,0.07337755677700042,0.008240870213508611,-0.0004842426061630323,0.04042539800008138,-0.008725112819671643,,,
12,A,3,branch-012-A-r03-604b11514d8a48b0862bde33108d2b41,e496c7693712f28e7e0400c70cb1c391ec195739f4309179d89ad56e00cf5927,0.02234143767356872,0.07783513903617861,0.03974698697328566,-0.00630258691310881,0.04664118789434433,-0.04604957388639447,,,
12,A,4,branch-012-A-r04-73cf94a7fcb54c3fa723e3b0bd5bf054,b250612803df0a270ce0af1e892a1c2969c11a95b5d495c6e62027cdaf92f5e8,0.04572659722566602,-0.0048370036840438835,0.04673388166427611,0.01632830147743225,0.02920782506863275,-0.03040558018684386,,,
12,A,5,branch-012-A-r05-7d2ef5816d9e489097e578596c128ef5,17c90017e1df88515d18422f965df0d576c5a3b34a689963c4c2917ace5f8b89,0.09336094753742219,0.07561943335533139,0.03214836742877958,0.002266811704635663,0.06704291610717772,-0.029881555724143916,,,
12,A,6,branch-012-A-r06-239b442f3933456cb4a4aa85ee4d0993,3fdc205bf12d94a4ce588b3b0e36b4ea9b7cdbe071dc710d66f9853224f99da7,-0.012567661488056159,0.04755219633579255,0.07028247250318526,-0.006150333297252675,0.035089002450307216,-0.07643280580043793,,,
12,A,7,branch-012-A-r07-9a35c5eeb1f94ea7a25e15700e9216da,55c3a2c9cd06c397b942b921c6ca66eff2aaf269d65aed982c1fb862f5933ead,0.04865723979473113,0.09315193443298336,0.05763017370700835,-0.0072855698108673095,0.06647978264490761,-0.06491574351787566,,,
12,A,8,branch-012-A-r08-cc281af936ea49c98b0c9f87c2bfa23c,8b34dade05917ad4a5b79bf06fca8e227fe4a62a39278f9bb67262e7101f6eb4,-0.01691186239719389,0.03172712792158128,0.0050738952279090754,0.007420534741878537,0.006629720250765488,0.002346639513969462,,,
12,A,9,branch-012-A-r09-e2d98cd4288d4c54ac55269d7d6e7bae,6c7cf8a6c9fe1a649678889a69a5005d19f78b25e23eac894b6114f5d81867fe,0.04024797190427781,0.08246761066913605,0.04203975985050201,0.002182963180542008,0.05491844747463862,-0.039856796669960004,,,
12,A,10,branch-012-A-r10-afe43942c06e4a768415eaef9b278250,7d24ef004b54a2aa496db0de6978593465d3e3e16fe4def5ff927693bb0035b2,0.01609680168628691,0.054599379682540916,0.05565471036434172,-0.004616699147224457,0.042116963911056515,-0.060271409511566176,,,
12,A,11,branch-012-A-r11-3584c5b6ce0b4317aa1d0bdbf6b052eb,4c0520c486710373944da315be4994efd8069a9bd59fc9cf303dd130a9e32c61,0.15781791348457336,0.06168454533815387,0.1011441464185715,-0.004010680574178693,0.10688220174709957,-0.1051548269927502,,,
12,A,12,branch-012-A-r12-3d2691aedc774565b2ff67d6d93cdced,4837c06fb78084c1900dc68eb9897d082d1aa2444bc74ebfd379cf7b3a774215,0.11279539500474928,0.09492830824851994,0.031012873506546024,0.014406769180297874,0.07957885891993842,-0.01660610432624815,,,
12,A,13,branch-012-A-r13-0822e08f49654cc483bba7f8b328a2d2,50f5085ef12ca9af708d139aa18dd079b59ae6442ec048d8860a6a9c1fff1ce8,0.025507046043872827,0.05038797004222867,0.003783452725410419,-0.006358784008026086,0.026559489603837305,-0.010142236733436505,,,
12,A,14,branch-012-A-r14-2a2996721ca34ed0b81de50ab71922aa,3ccdfdda4513e97730ebe41608612a8cbe8439d663747b642205fe927b7a2ffd,0.052191162919998146,0.04296699557304379,0.043910856342315674,0.00942360606193543,0.046356338278452536,-0.034487250280380244,,,
12,A,15,branch-012-A-r15-fb35b7f0a53b49a6916f2dd192a21c0c,08d3e7aa9ec84ec1ed7efc611662ec10f0a0a04ad245c0747e4c472a97fddc1c,0.028179677510261514,0.12722141945362087,0.013445998859405506,-0.019622508883476275,0.05628236527442929,-0.03306850774288178,,,
12,B,1,branch-012-B-r01-42ec1c8f28d242e19ea77ffeb4cdd57a,50e4b24677c18c9cc0375daa83437d2dafcf6d3be2ec80a6d644782f944022a2,,,,,,,0.4420516610145569,0.445395656657219,0.007507921536010064
12,B,2,branch-012-B-r02-9096fc9722084d9b9b79686e741e6db8,bfafbac7df64fb6594f6d7b682d3e3a426775849b14d8d435c65c2c34d788c86,,,,,,,0.4670012681722641,0.4585154458165168,-0.018507167933319853
12,B,3,branch-012-B-r03-f0b80056536c4711aae29c6bc6f0e644,37b2004f0e0e03510ce63856b61022936ae553dfaa5189e2c816fb8ae16b3ea7,,,,,,,0.4619777632872264,0.4566339537143707,-0.011702611094483555
12,B,4,branch-012-B-r04-e4484f6f82d14adc9b18aa2d24f0b4d3,674eb1d17de4fdbbba24bd9bd186e5be411f0ae866332358d5b7e3e2db298042,,,,,,,0.4449836278438568,0.44952235675652824,0.010096781271169815
12,B,5,branch-012-B-r05-102a21a51c6343db9732063a5b108b85,fffd180538d5efdd72d14f08aa9fad01305f8abdced6111ad990780be742713e,,,,,,,0.4515874306599299,0.44758812586466473,-0.008935234346396446
12,B,6,branch-012-B-r06-4609097320bc430ea53f5d5d62235d47,2ffc9dcfd9c4cf723a851b08f2e3a75bc10ec04ae3acb9d2ad17367db2779bdd,,,,,,,0.43883376508553823,0.43918372724850974,0.0007968468348406781
12,B,7,branch-012-B-r07-c107761a1a764c3bba785b5726973bb6,066787ae451209152c05eac4558cdfb36d07881f9e21f3cd50957f948cd06be8,,,,,,,0.4421064972003301,0.44761019403139746,0.012295736121419364
12,B,8,branch-012-B-r08-3a7bf772c51a41fdbe577e33fa03f947,6b1f9ddcb0a887e2fc64724d350e41e8d82c8b12a56270a159b66ee99d0f8a60,,,,,,,0.4567618586063385,0.44881794016361237,-0.01769964551735665
12,B,9,branch-012-B-r09-bd9ed8985a1b4772aade030d7cb137b4,17758c0865b4aa888924dd61467f669f5cce2652da099e1ab26d6aaea0404689,,,,,,,0.4423188922087351,0.4470136437018712,0.010502479195617519
12,B,10,branch-012-B-r10-26ee2535cb354172a3818d789c96b946,8fea6aaadaf804bb3ac02a755a82ac8b399dda0a5fe4aec41a67d033e95f8a46,,,,,,,0.44847586906750997,0.4507020426591238,0.004939346576908056
13,A,1,branch-013-A-r01-4349fc799ce446319a5f86e994ae99fe,76ef6b927dd1de3e566cfba7234aff87aab9dc6ee8f626c5f9cf8c16dc561023,0.0016568315863609295,0.10640396566390992,0.02487226181030272,0.0047361894130706905,0.044311019686857855,-0.02013607239723203,,,
13,A,2,branch-013-A-r02-ecf75b2cec9b4f21ac49bc6c7ba2b50c,c2005112acfaac55f935d2552a9d291d18df4eafefc6ea37e0ec89d1b596c2f6,0.022589474654197694,0.051758174300193804,0.07912156429290773,0.006357645517587662,0.05115640441576641,-0.07276391877532007,,,
13,A,3,branch-013-A-r03-10fe2817d71045119d87c6db9501fa56,0284431f9d36b5d94e0bc0bba79cc08d08e8053bcbf265107e1d78eda52f2b37,0.0619414137125015,0.04222407026290892,0.09532585210800176,0.002017044925689715,0.06649711202780406,-0.09330880718231205,,,
13,A,4,branch-013-A-r04-e456269e91604b9b991d5a3269dda9e5,bf3e561befdb5525760fe1bc75f4f7beb6a5efe6ada8dc7e5ff82abc82552839,0.012960643422603613,0.0006010874032974511,0.04254009611606596,0.00018615000247951263,0.018700608980655675,-0.04235394611358645,,,
13,A,5,branch-013-A-r05-09053afe2739459596c2c7a71ec70605,c79d665135a4915fc5eb542220017e45915b0a25ae601037f2e2f414015b9fdb,0.04936835939884188,0.04876609756946565,0.05088253998756409,-0.02777707830667492,0.04967233231862387,-0.07865961829423901,,,
13,A,6,branch-013-A-r06-213a113e4ae94d0b88deccff2fe132b3,092004d490d98054684f892a68a15bca616009ab49c4449828b6300998bcdeab,0.041977943849563604,1.194684505462229e-05,0.05020595401525496,0.008302714407444012,0.030731948236624396,-0.04190323960781095,,,
13,A,7,branch-013-A-r07-42edd0b3db28419fb7b212c1d1a08b82,b95cbdb19ce56d522902d34dda87b82f34875542b9d2ef7bf761e089898f710e,0.028660453820228582,0.06672375006675718,0.02270713062286378,-0.007848385214805575,0.03936377816994985,-0.030555515837669356,,,
13,A,8,branch-013-A-r08-03a35a3db6994b148b223979d7fcee50,28724dc04df5380ada706327d374b3e6aedde47292a921c1f42235b2ff31726f,0.003658380079269441,0.11292224159240727,0.04608767424821858,-0.010781349039077792,0.05422276530663176,-0.05686902328729637,,,
13,A,9,branch-013-A-r09-ca86e786c6ae4203a6a9b17dd6a1ba9a,276e7f846c6e0871fa7ec92a22b176a1f41090d3fdee65d69d9bd293bc4e13df,0.060335464298725106,0.00466169142723083,0.032425764667987855,-0.002441148614883426,0.032474306797981266,-0.03486691328287128,,,
13,A,10,branch-013-A-r10-3648ab6079184cf1bcc2c8907d6d8b27,ccc5a49ed3d6aebf3ae0cdd9810165cf760bde0739d11855a03086fad6368b14,0.07222600625753406,0.18590566549301146,0.01024971878528591,0.012101622962951697,0.08946046351194381,0.0018519041776657863,,,
13,A,11,branch-013-A-r11-88aa382293aa4a17914b9c866aff633c,dcec878cc8e8150a54819ca01c4d0d6071ca6d9a73116bd41108e2fd0458fbab,0.04842960773706434,0.018740943288803102,0.11280780122280121,-0.007673758792877239,0.05999278408288955,-0.12048156001567845,,,
13,A,12,branch-013-A-r12-51af05b9b292423ba3282d34d7a7aa65,84fce6d95301bbf38e5b3b5ed016f74c254caebb0a0a9e6c030fa20e37642448,0.06109879598617557,0.005879839706420864,0.05480647966861729,0.0015712050676345846,0.04059503845373791,-0.05323527460098271,,,
13,A,13,branch-013-A-r13-049c876b3c9f4dfbbf3cf6a2381d1cc0,fbf2f608c7916e218eba2f9159e23edaa8444f5ca4001f8fff75507f0112dd74,0.05668974101543428,0.06615795495510102,0.15441656908988954,0.00022453472614286651,0.09242142168680828,-0.15419203436374668,,,
13,A,14,branch-013-A-r14-9ecc73b271be40f69f1398fc7990cb78,f10e6260ba81e58013a0b1a8e4dce881b196989de4d8df779e7bb5e82bf09fa3,0.07397924476861956,0.08539390411376957,0.1182522494673729,-0.008466763794422127,0.09254179944992068,-0.12671901326179502,,,
13,A,15,branch-013-A-r15-b0ea481498684221b1534bc69ac374c1,eef9ffdff6bca7b34f1d444ba2adb677a8d3e8b0c33ce0e76be5af05eae68731,0.06597753024101255,0.06127301912307742,0.05126194660663608,-0.013102119445800808,0.05950416532357535,-0.06436406605243689,,,
13,B,1,branch-013-B-r01-d7f9bf6293f64d8c8736e13f602b9f86,f0955a6d805b587d51e776aa3e6908d97ec7fc2793112922c693f407d3a342c4,,,,,,,0.4570743658224741,0.4526373895923297,-0.009802496064544352
13,B,2,branch-013-B-r02-0d00c837adf94a6d9f35fa60bff29a81,2f5493453b98b36dc9206155f4a0533418170666a61cf025f9009ff9bcba024d,,,,,,,0.4305455457448959,0.4458217370907465,0.03426524566867669
13,B,3,branch-013-B-r03-265514cd967f4245b6bb6ac110c78dfc,b7058bb9871857563f2ad7657be21abf135a9c419e23e0191770c5107d96c07a,,,,,,,0.44567833212216695,0.46190434237321215,0.03512850770719712
13,B,4,branch-013-B-r04-e596369740b647638486eb190fd7eb4f,492aae144ab9013fd149a67c404f8efc276ce56c18fa1c0d34ba2d6d06383139,,,,,,,0.43403387015660605,0.4318102097868919,-0.005149624347260319
13,B,5,branch-013-B-r05-d30ddb19ec7440f8953faf410e9310a4,124d8fd320c175fe283753a80ed2942328fe1477e9203f32ac813fbfa3bef535,,,,,,,0.44476897811889654,0.43834702407121656,-0.014650388151458348
13,B,6,branch-013-B-r06-355d0445def645f9afa47d03bdfbd8e7,598e1beabebb803e9f44f79eb52d801f0f378bb54acc730865ab2d3134da925c,,,,,,,0.4496472224354744,0.43822014967203143,-0.026076100726986424
13,B,7,branch-013-B-r07-8d09a86b162f4aac97be56567f97100d,14359259ba26dd45f7af08aa09bac8411422584d701f10fa66d6821cb45fc875,,,,,,,0.45938560450871785,0.46009329352378847,0.0015381424268337714
13,B,8,branch-013-B-r08-e52053afb552472f8ba5f09bba4f9bbb,ed27a83f30be850b5cd6078de2ec0708c9645ca6204bbfc459e7b4ceb1449275,,,,,,,0.43925224060217544,0.4369458713213603,-0.005278386711471773
13,B,9,branch-013-B-r09-b5f181e2e9a34d6782edc7415e492d5c,9f1a519a7d9c9561d36d190c96c6347143fde4e3fd47cef295b99b4d2fea2cfb,,,,,,,0.43523471671740216,0.43466974461873376,-0.0012997732316611162
13,B,10,branch-013-B-r10-3e281e70ba064231a5a14d8fd1656463,d05daf7002973921296decd1ab35cc2e53b7b764398088105f80cc4f68615a2b,,,,,,,0.43550234658718107,0.4511216745932897,0.034623315362070146
14,A,1,branch-014-A-r01-ae57cf35b7494e15ab6d9452efdcb3bb,49942c8fd0d69d8c2d9715a49186b29f505a3c7d27a0291e536be9f88cb0b81b,0.12887331786155698,0.07683250510692596,0.06503322688937185,-0.0026263181567192095,0.09024634995261827,-0.06765954504609106,,,
14,A,2,branch-014-A-r02-0d26634bc484410caf480b14d60612e6,0f17ad02e2b5f846f35c37e96aa591b4fba6debc2a7ec4cdfe9c8c404908dd36,0.03965483191013336,0.07359060201644896,0.0509389922261238,-0.012058920770883552,0.05472814205090204,-0.06299791299700735,,,
14,A,3,branch-014-A-r03-4b34d633db1848d5a8572a1de83e0215,cccaf354af0023f745f8068211acf8530fcd92391fda815b733f92a125b7b2f3,0.04554366328716275,0.10402261326313023,0.019354834890365602,0.004792723786830877,0.056307037146886195,-0.014562111103534725,,,
14,A,4,branch-014-A-r04-78701363d5dc48e8ab8326236ac0c19f,59f84b8ef99698cb08b0828440dae763e43dfbea9a26470e742f729f3771add1,0.0780976191163063,0.04094389532804488,0.02187694015502928,0.017289044272899623,0.04697281819979349,-0.004587895882129656,,,
14,A,5,branch-014-A-r05-41935df9ad8749958e4debcfeaa959cd,aead1d0daf5e9da2628914e83b4c82284647e95ded64e6a9c9ee2fc535ae343b,0.005265999388694764,0.003508569765090952,0.033135572206973996,0.012818154764175416,0.013970047120253237,-0.02031741744279858,,,
14,A,6,branch-014-A-r06-6207efb25d71410b8b7f83034e0a9b6a,05a564cfa6b54a993f52a73f2bab655641d422beec4394674d615317c841333d,0.06551718570291998,0.13592440044879917,0.019825730025768262,0.01412384485006335,0.07375577205916246,-0.005701885175704913,,,
14,A,7,branch-014-A-r07-3a27aae1c11244618078c7c9f7453849,e7d9f42388c81ca9435998d46746f2ed19f5c81543fc6b1f15c5daf2a44e95a2,0.04336521193385123,0.04440685263872146,0.0456886900305748,0.008460241758823372,0.044486918201049164,-0.037228448271751424,,,
14,A,8,branch-014-A-r08-adb2bca899f04d5fb24c71c68f5f4de7,fa2f66d4f9ba6b90e24a44297eaca9c087aa05e635d588ee026c0c8b9605149d,0.017951106220483792,0.03753447174429897,0.04171624279022218,0.006062055432796476,0.03240060691833498,-0.035654187357425704,,,
14,A,9,branch-014-A-r09-733cafe8919e4122b2f658629b6bc7cc,b8bbe4fce29fe5e02da9b383296b97894afff4c00d04aa2f063d490b45744a7f,0.04547938338518143,0.061285599029064164,0.05699739400148396,-0.0038344213724136322,0.05458745880524318,-0.06083181537389759,,,
14,A,10,branch-014-A-r10-f445684a911441248d8ca481fc87abb7,33deecec3ba30e92c7f444b8d1af7e6379a894447dc1bf07934f0732b2de5278,0.13541318414211273,0.09128563896417619,0.08429836778640742,-0.011618107676506062,0.10366573029756544,-0.09591647546291349,,,
14,A,11,branch-014-A-r11-9a92c3a8ad3f49708f23c1d0d3646628,8991ac55f8b818ee3019ee954ca749a7ed162f80484d94dc226ceccdd90d80a0,0.04989816768765448,0.10460442941784859,0.02959177268743518,0.002973060423135776,0.061364789930979415,-0.026618712264299405,,,
14,A,12,branch-014-A-r12-04b3398d431644f683c0fe8046672119,151f47dc974ec66bc06074515a4e1a7ef9e6dda7195940c57b4d050a3e7a991c,-0.0041269057035446255,0.1371995277881622,0.034105021315813056,0.0023106539249420077,0.05572588113347687,-0.03179436739087105,,,
14,A,13,branch-014-A-r13-86695f860ffe46f1a5f2bbf560685bc7,47d9f77e91fa8c6364733e42e47b9719485ddc37d6d3e19038cc2737cf60c32a,0.04288824803233149,0.03742308723330495,0.04704367048740388,-0.0014549354791640878,0.04245166858434677,-0.048498605966567965,,,
14,A,14,branch-014-A-r14-923fb5b2aedf4feb98c11a7c99aeeb6c,b731f03b21e9851c0eb9875b4c72f31f96d654abd274a6d1dce0d343dc02d435,0.025024611723423018,0.055389343291521065,0.04722812733650206,0.0035260718703269966,0.04254736078381538,-0.04370205546617506,,,
14,A,15,branch-014-A-r15-69a012064acb4874a0a5020ce25bbca4,1f350799d83339313729c5141f5b557f6cb2e01c3eb23fa670d7578b890d7a86,0.044689458358287804,0.027647637212276477,0.06310967110395432,-0.0004569089412689298,0.04514892222483954,-0.06356658004522325,,,
14,B,1,branch-014-B-r01-0ea0ec92172142f9beada5cbe964c734,925c7cb0b373ddd67498b16d015afa7172f762d42694967ef9f179ca7522e733,,,,,,,0.4379013824125131,0.43690556664069496,-0.0022792471596890075
14,B,2,branch-014-B-r02-8c208d5647f346d2a2b4200ded8b4a00,1d6e7c4f031cf47e2cf6854ba87630ed938a0b088c0150a6011297424d689d67,,,,,,,0.44277339670658117,0.43796166947086657,-0.010986640090051718
14,B,3,branch-014-B-r03-85d98f87c4dc4eb4b2d86b06bf29bc80,d11e83c1cd865ae3eaa831e46235fe2dd90ec0dd99c109eca7464a10d15a30d6,,,,,,,0.4603351927608252,0.4595850439707438,-0.001632230639187528
14,B,4,branch-014-B-r04-9df253ee3c35445bae8bae0580509433,5f92619d940ff9f7b5b85112dc4fd74ca0c1576f4ce2de2e9bc796fae96d236a,,,,,,,0.43484242587884264,0.4385624474227428,0.008482307515751185
14,B,5,branch-014-B-r05-fa9cc230fa3542c2b2a39072811b468e,4f1b576b6364f26ffedb0586551f4c6b79e071bae0624f9c87fee74f8aa1ed1e,,,,,,,0.4448217452685039,0.4355237841327986,-0.021348917038409538
14,B,6,branch-014-B-r06-a15eaee980b2434e9222c369af2c2e44,0d8596243f1bdc8999051e72877c23f522fcac69b4a4b97296a47cf2e3a1835b,,,,,,,0.4436793849865596,0.45024379611810045,0.014579681470655864
14,B,7,branch-014-B-r07-75c609afd56349189743f3481413e237,2805f0d24fc1add2592ca9d85f93cb3ac80f592d1cc81d8e98d6a4940928b9d8,,,,,,,0.4385310193578402,0.4448970596432686,0.014309018563828768
14,B,8,branch-014-B-r08-d8a1cc04544f4ddfa03534aadc101723,6b66fca9699f50f8f2c027130df2290fe8b0066aa7fb55369f95e478038ad629,,,,,,,0.44812764267722766,0.44982223532994586,0.0037672496369042744
14,B,9,branch-014-B-r09-9ced46d7dfde4a72b557a74cf444b88d,a9ea90ec789931389f36cde8c693a891f9c5144048bc9b989b59fb5051bfbb2a,,,,,,,0.43852649403810506,0.43876261377731957,0.0005381491763433092
14,B,10,branch-014-B-r10-cc31221fccd74f0ba13da6d5aee6823c,36641874397c43ac38ba11b3e70f09f0aea3592e05c249d98aea36a27a3a426e,,,,,,,0.4389059831897417,0.43425305132667225,-0.01071479371038259
15,A,1,branch-015-A-r01-670f0f669d9043fc82dcdf071f691810,c57f84b2e170e5d6aa7780c4bc28d3b6d88ee390b37644d53b47c7c0432069c9,0.07325919420719146,0.0739281269848347,0.04388573549985886,0.00024099694490431478,0.063691018897295,-0.04364473855495454,,,
15,A,2,branch-015-A-r02-53844e3a0d384bbfb90baed9c8ec1f9b,00a6c5824d2e74e6f0e2361e06f2520708a47c6691512d3d1f2ab36e794b703a,0.025103050923347525,0.11337492815852168,-0.013657774376869214,0.0001829852163791612,0.041606734901666664,0.013840759593248375,,,
15,A,3,branch-015-A-r03-d46d012f866f42beb23db37e94e80471,c55b77b403617653a9f8f3acd6af672b816fe0e0f7aa979f480c4d99ee66f89e,0.05237879534959794,0.060377944707870446,0.08968567764163016,-0.008158572220802351,0.06748080589969951,-0.09784424986243251,,,
15,A,4,branch-015-A-r04-4910af4a3a5749dc8b9885ca5dd80476,1266f75c081df6f9f2e59faa910d62d5984d4d42d0bbecbb85c481ef79f475ce,0.005910993242263796,0.05829955779910084,0.06616498206853866,-0.007104379141330719,0.04345851103663443,-0.07326936120986938,,,
15,A,5,branch-015-A-r05-c28f6506231b48ecae2b0a3c6a70610e,a89eef603006ffc23fb72c1dd7e99e7fa8f9dea0e0c55e68078809e6edc546b3,0.024807991850376132,0.01780446295142174,0.05573206574916839,-0.007081820958852736,0.032781506850322086,-0.06281388670802113,,,
15,A,6,branch-015-A-r06-e53e858f46974202ac62533239830a98,4daecfe053b405eab8376fd51376dd4a0b70fbe7e4564996d417b39ba753e876,0.11499429880678658,0.02757496078610422,0.11449003282189368,0.017697697365283982,0.08568643080492816,-0.0967923354566097,,,
15,A,7,branch-015-A-r07-c1f5e834aee44b28bf1ce2f51a7c73a3,72d57503270cdd34360293c5a5e16e315abc69a31b6557caebd829e31dc668ad,0.14977777647972113,0.056633520197868326,0.037111672377586336,-0.00982257783412932,0.08117432301839193,-0.046934250211715656,,,
15,A,8,branch-015-A-r08-7326feb9fbd149f085b65f619d891d46,6916d2cb998bd9a5460164275e37bbae2893e015c160416e81de7c022cda65aa,0.08669426423907278,0.08200433167219162,0.027628029567003276,0.006811121594905822,0.0654422084927559,-0.020816907972097454,,,
15,A,9,branch-015-A-r09-12d98e35943a4363b028a0d49c5aa3f8,8f79e69b57deceff7f31ec9c81aed7f9af96f51618b1fe53771e09b67a691330,0.01006576933860781,0.03200516512393947,0.031486882156133655,0.008973554396629335,0.024519272206226978,-0.02251332775950432,,,
15,A,10,branch-015-A-r10-99260f04d52f4718991898fd90aa53ad,ee48cc9d63f496a597984a1b825f7c2c54dc34a146a723b4210a22c7e221954b,0.009035433340072618,0.06187539165616035,0.048676160502433785,-0.006288524067401879,0.03986232849955559,-0.054964684569835665,,,
15,A,11,branch-015-A-r11-37f47497f05342fda49bf2de5cd9306e,90deef827b4b8bb7f0a03c8e3da625c8add9bf5ea9d1daf08e205337f2754a65,0.037005022537708265,0.05151441086530684,0.01918646421432496,0.00573344784975055,0.035901965872446685,-0.01345301636457441,,,
15,A,12,branch-015-A-r12-451f80e34e8a43eca9289d462dbce7e2,fd798f1608009ff92ee92767acbe4f23ab2c7e68d5f538a2f815f5beae7c176c,0.011206988143920904,0.041295440244674686,-0.015972070872783684,0.009659401965141312,0.012176785838603968,0.025631472837924996,,,
15,A,13,branch-015-A-r13-28e4a4bdfd904dfa9fd391d2b8d53108,41897896379a38fd6afc2361bd4c2a80c1d1177dc0aa2993cdb126b53f497823,0.04270935846567153,0.14559989833831788,0.005339864915609338,-0.020834380620718018,0.06454970723986625,-0.026174245536327356,,,
15,A,14,branch-015-A-r14-e7a43bc082e042c0b19652c5e4e87ed5,70d4a06385d6253af516f63d583e896cc78a5bd2f1933476e788800a3fb1dcfa,0.050868270409107186,0.02312363106012344,0.08311955440044405,-0.0022102386236190763,0.05237048528989156,-0.08532979302406313,,,
15,A,15,branch-015-A-r15-db8444e164bc4c499ab7554444929a99,aa7ddee1ead5af842814504ac4722cc9c3fc3cf24b09adc1cbf2a34b18b106c0,0.06486082059144976,0.0427567577123642,0.02238093065023422,-0.01202676706910133,0.043332836318016064,-0.03440769771933555,,,
15,B,1,branch-015-B-r01-b89ce6172eb44567a87061c17f4070e9,233c6fee9234567917f5ae12c9adaf61d7223afa7fc7637b6b4ebee622676547,,,,,,,0.44598359359105433,0.4544963877777259,0.018730169074159482
15,B,2,branch-015-B-r02-caa50a6ca1ce4551bec3a9316f1ff88e,e36b54f40efa3d82326731d45c9e97332e6dae28a538a30f1762a16bab721a86,,,,,,,0.4094854368289312,0.41835816525816916,0.02120845047631043
15,B,3,branch-015-B-r03-289d8800fcca44329770c013d5c36f46,bcaa4e205daf16bfc782af02904d5af1f921ab74f832411cff99804521621175,,,,,,,0.4433632130026817,0.4452130118707816,0.004154862546193435
15,B,4,branch-015-B-r04-9825625bf3654937aa43bbaea75fbbf7,978792d04654f2c79b4b23aa4137bfdc42356cf0278cb28285423abb3217b5db,,,,,,,0.4248980946958065,0.4287086788227161,0.008888516410197028
15,B,5,branch-015-B-r05-09b55f174ded45b7b955bb60ffb87f3d,47dfb42d5657af8e5b3668d1be461f022c6d131736ed895b38486bcc09530f6a,,,,,,,0.42914788049658137,0.4316057434260845,0.005694694676657019
15,B,6,branch-015-B-r06-9d47e77019cc49a682e107b9e191b197,a2129fb2c9d5558c431a1e9382df465c5ab8124b6301283f666add689a95cd71,,,,,,,0.42746731299459934,0.42739269538124397,-0.00017458794724791666
15,B,7,branch-015-B-r07-ac07aaef8e4942a09f8e49c080687866,f5f59e1327a04bf89ed9458d728ef117ea38d6606523484be0ba0675643ded5e,,,,,,,0.42591108390192184,0.4157429530243079,-0.024457734770117454
15,B,8,branch-015-B-r08-7c684608512f45ea8650d73cde664385,86ce5d1e7941ce351d7839f73de1d822353aa83a8e4b3a066a6e100b8bca67a1,,,,,,,0.43420855211913584,0.43387057592868805,-0.0007789792836823689
15,B,9,branch-015-B-r09-72a42cb960ed4fb3b1b6f3f14e6ca59e,ffef862c08e4381ce67509eff1bdef15a0c43d7b42993d14c80e8195bc79f284,,,,,,,0.43459019077618916,0.43110577338337897,-0.008082511550388182
15,B,10,branch-015-B-r10-d02aeb5ec90247b1bfdd9f5bd1af81dc,8e7fbc6392ed42d6f165c5797021b6bf4caa8073ed8748dbd7b08becb5ef91d8,,,,,,,0.43003037705818814,0.4243130344291528,-0.013474350691882783
16,A,1,branch-016-A-r01-45c966322a4543faac748b8dfb69ee97,d4ad28c1fca9c58963119615266209c6dc2af2b29d31aff0274f6e5816b1d39a,0.033847582662105524,0.07492011594772341,0.06215459946393964,0.004523263561725666,0.05697409935792286,-0.057631335902213976,,,
16,A,2,branch-016-A-r02-353a8d9bb2d14ab480e2345a15af0117,590c32eab2723adc53d127e9eb8b75c1d7d1e407dc93f23aff99c0bd0dde0d00,0.04029645612239835,0.06315787019729613,0.06542510510683064,0.0005532050490379414,0.056293143808841706,-0.0648719000577927,,,
16,A,3,branch-016-A-r03-86802891f34f4f64a1901dca1cdbd456,fb1a874adbf2dde9a9d3046a3c6ad648f0d846f716560535a6f2e79f2cd3ce5d,0.01925348708629604,0.0575556007504463,0.00987159528732301,0.0018548781573772821,0.028893561041355115,-0.008016717129945727,,,
16,A,4,branch-016-A-r04-0d19b250c3e248d2ad48a96964486dbf,1bfbbd6b02c9382b9638368e4474dff966af967fd5b541cc319018522f9b5810,-0.01849366474151609,0.022237801837921123,0.11624126119613643,0.002347343420982362,0.039995132764180485,-0.11389391777515406,,,
16,A,5,branch-016-A-r05-a58d25fe429b4e0583a73851fd976233,29a930be8a1819b083f91de8932f137c3a20bd54c1e0e24a612521cf4f6a0765,0.04104979052543639,0.030683608222007774,0.051619878661632534,-0.006336214804649354,0.0411177591363589,-0.05795609346628189,,,
16,A,6,branch-016-A-r06-5211cebf2965487995a5935e46367d13,160b454c65c252e00cce9d6dc2eddc92b41ce1653805d4934972cf252f989ec7,0.06492751767635346,0.04934770266711713,0.07943798737525942,-0.01019436953067776,0.06457106923957667,-0.08963235690593718,,,
16,A,7,branch-016-A-r07-9a30571f613a4eb9b4a18b90ecff2acf,df4739ba9b503d7f77b1a9ba88940a88ce544f1773370b6dd38e2fbd03c2885b,0.042587567949295024,0.101758591902256,0.06768750241994853,-0.0031925203323364126,0.07067788742383319,-0.07088002275228494,,,
16,A,8,branch-016-A-r08-9c607f9704ea464cbc08450083baa2e8,d9ed27796e30e1ef95f4bdcf5e0da8a73dc660f9d318e67ddf5986893d525fe6,0.046876560640335074,0.12701824005842205,0.016939154237508747,-0.0014978622198105196,0.06361131831208862,-0.018437016457319266,,,
16,A,9,branch-016-A-r09-22f917463da04e7e9d8dd33a72a26b86,5b578358214e629bd72620279d7b74e6aa574101aa5fcc483cea2c9ab276e7c9,0.008450073492526966,0.0230512159347534,0.00650069042444229,-0.0016084877848625,0.012667326617240885,-0.00810917820930479,,,
16,A,10,branch-016-A-r10-1df290a787ee4a8caf97d31ba4545b0c,33ed7c0518d2a3f222803802e363dc2784df23826493e258f1a8a8c5799b7693,0.02603004798889158,0.04656892719268796,0.08415653753280639,0.006503523254394572,0.05225183757146198,-0.07765301427841181,,,
16,A,11,branch-016-A-r11-300d703cdbd443be9ae73263bb2a4e0c,5de36cf3f12a301405b16ec38144aa703cd5dad3a49b9c6c243b900c54cd81cc,0.09690192188024516,0.0060986733198166165,0.03497240467071533,-0.009520363521575925,0.0459909999569257,-0.044492768192291254,,,
16,A,12,branch-016-A-r12-edd408fccb60458c8469d2161441d854,ff873cfa978c45ea6402b906eda76ccf845d077ab97ee40496a065685243488e,0.04331057704687119,0.12159273710250851,0.03724943358898164,-0.009804478287696816,0.06738424924612045,-0.047053911876678456,,,
16,A,13,branch-016-A-r13-ccb24c2c2b0948c28ec880cacef1fa7c,ed03611993a311cd624f6a833aa1f9e5d75598e224608e0d2cd94b69c776c5e4,0.002739207130670551,0.02623571504354477,0.0014721810102462651,-0.0015212681174278098,0.01014903439482053,-0.002993449127674075,,,
16,A,14,branch-016-A-r14-24b5b885f048420987d150f9a4561451,bef56712f4d24662a42621e8ffd928cf4d04e32cb70156bffa644b2902efeffe,0.07083533843755724,0.020142638635635368,0.08552635762691502,0.009124356102943432,0.05883477823336921,-0.07640200152397159,,,
16,A,15,branch-016-A-r15-17b4542c7d0f443faec10975becf6e95,7793c6a60d1ae05e99509ce2e9c8fadba270b2160bc4b914a8d48e1e5f3e8556,0.08463388154506679,0.03737179715633393,0.001647579979896563,0.0027098738670349176,0.04121775289376576,0.0010622938871383547,,,
16,B,1,branch-016-B-r01-6c84624160244322943589726e50afaf,999cd36668fefae196ec64edd29db3d7c165983dd9fd7aa7f26bbc56d6f75bd7,,,,,,,0.44081520489851633,0.43067052958011626,-0.023555536359292247
16,B,2,branch-016-B-r02-2040b8ab84f340fbb9e523faa7beb59f,3babbc33749f98cf5bb5d6ed0560459997662c0105b4765a1b1d2957e0390be0,,,,,,,0.4313058485746384,0.43161223730246223,0.0007098703450549725
16,B,3,branch-016-B-r03-afed0a30dbc14345b38218f1f802b386,02f7afd17f2d04069604624302e011e51fa60ed63a9b50e4c07bf4970276077f,,,,,,,0.4473766038656235,0.436122722585996,-0.025804391050522332
16,B,4,branch-016-B-r04-d1e32bbab85b47348998d753b27c6819,a310103a5f7a9ab28ac495f020b32d4d9bf6faaec9443aae5cbf0cdfe0abc3b7,,,,,,,0.44006347713073096,0.4461768869638443,0.013701762712797608
16,B,5,branch-016-B-r05-efe152355e07407ba16b3f39a07de470,9990f0a095d1e03beac70da29a93cd8f43a090e67e1b47c6390d38c82db01f4a,,,,,,,0.43960519212086996,0.4388915131409963,-0.0016260942818559453
16,B,6,branch-016-B-r06-e6b148e8c37b42309394297f5d107888,1b7d0272ddde1708ea9bee0b6f8d2cabc0e642979c8faad5e7640a6b3f01b236,,,,,,,0.4336222153425217,0.43277476430734,-0.001958180340154637
16,B,7,branch-016-B-r07-6dd9947a50a9495bac2ae224e2b38a38,2c44321c525e969952d31ba343736ffa4dfeb51c3fe00793156272daa328f055,,,,,,,0.4318958107391993,0.43712369343837104,0.011959733086188345
16,B,8,branch-016-B-r08-71da37c498ff477a81f822c219ab7175,cdc23403c705fbe57910987ea13c8498bd73f1a06835c5dd0d804a233a9bd9bf,,,,,,,0.42621449573238696,0.427799816608429,0.003705753987017446
16,B,9,branch-016-B-r09-6ba4fea03aa340039e9d734b0c0f376a,12bfe87506bb0b41ede142dd5d06a2000915a7c1c0f4c91ee09ddbd6059af6c9,,,,,,,0.44168480697075524,0.443119223845005,0.0032370901487937032
16,B,10,branch-016-B-r10-6145582ce7614672b24e10211ec3a100,0500ef9d759d191418356dced1bd89a307dcf54c31291ec2f6758740ca7c49ec,,,,,,,0.4341326164265474,0.4452969374914964,0.0250716322637234
17,A,1,branch-017-A-r01-b892a15c9aa640c08e9cc16a3a9c264a,8c41d7f1b34b27c9c2cdb1b27e9efc3f8511675e66f0a6911ebaf1d3c8f617b6,0.04235161142349242,0.014314772415161103,0.009148885953426333,0.010279666936397536,0.02193842326402662,0.0011307809829712023,,,
17,A,2,branch-017-A-r02-113585bf49ba472793aa6fd940702ebb,3693f37bc1cb75fb08b673cc697fe066eb56f2f664e49c7bb94b182abd5f79f5,0.012303272318839986,0.024795861399173724,0.05134580436348912,-0.0007615987837314431,0.029481646027167612,-0.052107403147220566,,,
17,A,3,branch-017-A-r03-488c859c538446a2b07e6effb1770587,b164e7386155e76fa6eba669abf7e9a275bff047cfb883dc607f9696399de05f,0.006990303897857708,0.00046933010816574416,0.020469017755985253,0.01961551485061641,0.009309550587336235,-0.0008535029053688414,,,
17,A,4,branch-017-A-r04-c6f1aa0ec3e94674a635a8a06a874e86,7003a308facb2cb2d72bdefa1260d7def34ab236da9d041a1b059a987b79d931,0.045508631992340065,0.023575373864173854,0.08234585590362548,-0.012880195021629293,0.05047662058671313,-0.09522605092525477,,,
17,A,5,branch-017-A-r05-b2c98c215e964284bd83ae4ff2546fae,62cde0bab92abff5499fd3513be549a9d4a076b153ca9449c04b1e9b0e304020,0.06595831542015074,0.15130653049945825,0.039148289370536826,0.0064987115621567,0.08547104509671527,-0.032649577808380126,,,
17,A,6,branch-017-A-r06-d7e3fe51b6a34e0180ed04d068c5fab4,39a8b29ee63243c75b70ce5c5134e4ca8f953a1587cd8065481c637fd42e1304,-0.01313995808362961,0.09304762377738951,0.033215500593185454,-0.007337727391719784,0.037707722095648454,-0.04055322798490524,,,
17,A,7,branch-017-A-r07-73e50d0a6fb54698a797e51b7cb4d18e,5e2d819b986e3521329ea243e00d9b43d6b2f772b90d904f75d59b72ce78356e,0.02639347747564319,0.07811604570746422,0.027849412238597826,0.02402708928585051,0.04411964514056841,-0.0038223229527473146,,,
17,A,8,branch-017-A-r08-952fcbdf516547528beb98aad222ddcf,9fd80a4a0541b8ee0081cc1ae356759da2203f5e9dcb60b3add030d771059500,0.026609832394123067,0.06981396259069439,0.015586148655414578,-0.008632140672206912,0.037336647880077345,-0.02421828932762149,,,
17,A,9,branch-017-A-r09-bdfc6ade1930463f833c671ec6f0511b,cd0a95e6879007d6ea5054b6f1c97d7d10a56c6867c9a558c33a9614586fd351,0.04936613617539409,0.07989475711584093,0.07072431428432463,0.008991567111015342,0.06666173585851988,-0.06173274717330929,,,
17,A,10,branch-017-A-r10-b2022f1fd4164b4981a36e7958bc8a5c,6209ea6cc7d37b54fa4016982d2bda5a7fda8ae30e23216410e1f9ce72f8c53e,0.09831213982105258,0.09694989384412761,0.027531720948219263,0.0061355653762817375,0.07426458487113315,-0.021396155571937525,,,
17,A,11,branch-017-A-r11-aa0115a47551438ba81579aa853f9147,fbabf56e666f97f429ea66a93e78dedf9c5521606a0e8b99f2efe1bb95e756eb,0.022064041328430206,0.0239670585155487,0.025036940217018133,0.006399555182456995,0.023689346686999013,-0.018637385034561138,,,
17,A,12,branch-017-A-r12-cbe5c595ed9a44d982ff7bbf2fcf377c,a3d583d912bbceb3509118a3bdb707e9feea05b65d1cc95b7f90c0713bbf31c6,0.009851665461063364,0.06388820505142212,0.043413254183530814,-0.008037187004089397,0.039051041565338764,-0.05145044118762021,,,
17,A,13,branch-017-A-r13-d4844824556048ecbb10acf521448040,604c48a87528df82d13ccd538317506b531f49a489f9da61644ea6082b54218c,0.01623680850267406,0.011617176342010482,0.0561304416656494,0.00956270915567875,0.02799480883677798,-0.04656773250997065,,,
17,A,14,branch-017-A-r14-2ed051617fc044d7a5986fa7b7abd6d8,2d98693a2f4d8468473b76169038a599d3e450d17ca7c7247983f8377e53aea7,0.02626392992734905,0.07137165453433991,0.06544544560909271,-0.00039121761918070597,0.05436034335692722,-0.06583666322827342,,,
17,A,15,branch-017-A-r15-f15a34a3efef48d5bf7baa2f71d7c8c6,c8309fc15074bbb6d3f313172e05be334ddc3a481354bd69de6a6a5104bdae32,0.014713372266292546,0.04429161769151685,0.08769929877519606,-0.016209812176227578,0.048901429577668486,-0.10390911095142363,,,
17,B,1,branch-017-B-r01-b3beb9a7819d4dc7a05dc1f4cd617ea8,cb4860159f09d8ce976dfa067ca88a6b216397e511cdeb5ca15d33debf1c922d,,,,,,,0.4417450241883596,0.4446787177721659,0.006597333010457662
17,B,2,branch-017-B-r02-1b5585d0e75e45f482c4675e15d0f45d,8b48b09f719a57043b0f9d7fec997f60c2f3acf2cfd731e7a19091f9661f1716,,,,,,,0.4272475236058235,0.424690777283907,-0.006020253932209494
17,B,3,branch-017-B-r03-0a131e24e7764865b24a53cef09faaee,d7243aa4c5fac5f2b0e6305bf680f381d17b7b1536bd348a6272bd589c26f910,,,,,,,0.43288549411694205,0.4461772172252337,0.0297902326590151
17,B,4,branch-017-B-r04-474826a0f2bf46119d5d49cf380cd769,1db32b7c5222ce83b4c4070fc8291910a81d87157001a84ee67fb13886c0c4e5,,,,,,,0.43317714367310206,0.4302305456320445,-0.006848881537987432
17,B,5,branch-017-B-r05-5af557b1259443779f5d6c633864c59b,0894e1044a0af960e949abdc76ff3746ad5bea13ca8c1c0ef070f5c6bc218711,,,,,,,0.4243463827808698,0.4255635696172715,0.0028601763010315424
17,B,6,branch-017-B-r06-45d43890757d4ab9b9cfa742df30dff5,52fa1f6195d4e0435f7b35c03d09d0b94cd91407b80df80133999656ae9857d3,,,,,,,0.425959886153539,0.43264877008597064,0.015460309597326437
17,B,7,branch-017-B-r07-dddf34d2f69a4dbeacdd2dec711aebdc,7a3e69956ab1e07517393376228f730be10582868caa26feaae99ec80ef812ff,,,,,,,0.4202650708476703,0.4378457602620125,0.04015269990012396
17,B,8,branch-017-B-r08-0281140c8943491796d686e2dcadec03,b44938063250e0ae4bfd7fa3c3b3a9901c4c763e07583b4d46ded4e7767207b4,,,,,,,0.4338110413273175,0.4405071148733298,0.015200829498378823
17,B,9,branch-017-B-r09-66fdb7afbcd54e078059701072ffcad2,a9968702a0418ba3b477f280e8941535ac68e16f5d1844d9cc65b969a1f5d355,,,,,,,0.44221630305449167,0.4357965823570887,-0.014731002851561401
17,B,10,branch-017-B-r10-c1bda24bc5bf4dd3b9ee76e9a9f88afb,609e10de3b78d0edd041fd569ecd97561d7b278d78cebacf960290f8f26b67b8,,,,,,,0.45267426065603894,0.4514890239576499,-0.0026251727849318073
18,A,1,branch-018-A-r01-a779b28abb2f4d1793f4d5e81f6aafc4,fe5cc787efbc1774b62b448e30f95f6d6dc2a8485a463ce3adc493a995d2665a,0.13096253125667573,0.08935926012992862,0.03596414685249327,-0.011946076059341448,0.0854286460796992,-0.04791022291183472,,,
18,A,2,branch-018-A-r02-ca5d8ce1e05a46a7827f408074db5416,b969222417f855d16491a43d0be7dcfc96fe291c99862014d0f5c86ef615d8fe,0.0399569178342819,0.024977415084838916,0.05981093617677691,-0.0016746183872223264,0.04158175636529924,-0.061485554563999234,,,
18,A,3,branch-018-A-r03-66840a2720514456b70fe3ba1c29c07c,9ccc2def2fab64829ebe01b98751ab305788345ddc712e1f527708e6443530b2,0.013142916613817224,0.0170698059439659,0.022010946220159533,-0.021567329144477843,0.017407889592647552,-0.043578275364637375,,,
18,A,4,branch-018-A-r04-c0ffaa54bcd94775a811a18496455a20,4de7b33a5fd23edf60c460a0b433724111427afefeff6ae8737cf2a3f0d38ab7,0.09157909561395644,0.04922773241996764,0.015749849081039435,0.007292381978034945,0.05218555903832117,-0.00845746710300449,,,
18,A,5,branch-018-A-r05-a76722eba6384a7184b2327a5fa87938,c60dd5fa05f6be0cd7ac2b7e4bed36a360c8b005c55c57d81987fbe62351ccfe,-0.008462549889087678,0.023580217605829235,0.056405065792799025,-0.00340334324836733,0.02384091116984686,-0.059808409041166355,,,
18,A,6,branch-018-A-r06-1281f307599a44a8b93a32eff8d87dba,50c056ee39d85419fa074cc8dc157a79c7882795629cde2287d17ca56a883784,0.05798708649873735,0.05116026133298873,0.02615024341344835,0.017222646397352215,0.04509919708172481,-0.008927597016096134,,,
18,A,7,branch-018-A-r07-b4b6331923674fcaae8112cab9880380,3de18cb316c77bfdb4decf2b481dd73e63ee91f9bcf1a3b383577187f802fc7e,0.0623705152332783,0.0936683779358864,0.04822498569488526,0.0038919672489166612,0.06808795962134999,-0.0443330184459686,,,
18,A,8,branch-018-A-r08-dac0159acc5c46cdb675d1afba87abf5,0991ee2f0a5231d6988e82fb45c190acc3c0419b8b79aa5be24873f058561468,0.09718930744826793,0.04014356043934825,0.015723555028438585,-0.0057138833761215535,0.05101880763868492,-0.02143743840456014,,,
18,A,9,branch-018-A-r09-f9e54512d4314d67a53e4c18826de2d6,24e07a96ff1b9df6a4d57f37bde6a359e137903dddf022a4f868fa14ab2fc257,0.006996936857700364,0.04680744092464445,0.11629794034361846,0.005379224967956564,0.05670077270865442,-0.11091871537566189,,,
18,A,10,branch-018-A-r10-61e397b4e37645d488cb0e1324be0546,745b2e326546c55bd470c991d4edd84ab091d826aaa0195d3f13733d0664a839,0.017613075315952298,0.0550616991490126,0.0803765881180763,0.004915045475959778,0.05101712086101373,-0.07546154264211652,,,
18,A,11,branch-018-A-r11-ee821965d5da42e2b86211bb954f517b,c5014bdf1d0199370cdbf6c15ff14f1eb9425998b990904a6e1c4704a0081ca0,0.058913382208347354,0.029835442006587998,0.009668953135609615,0.008076052176952342,0.03280592578351499,-0.0015929009586572729,,,
18,A,12,branch-018-A-r12-fc0df28df4074b2bbfd31ed7e88b9031,3e22c1ef36cf79faaaeb002967e36d120768bda683def4e5acf4c94f24cb537c,0.05916336665153504,0.016726075381040595,0.0015086512565612997,-0.005476640629768381,0.025799364429712313,-0.006985291886329681,,,
18,A,13,branch-018-A-r13-6eace5716f994fd6ab2e9515aaa8c0de,9fa51ed8aeda66a92e7756696e680ca42ab7c959e6fb142a3ce4d766bd69639c,0.034173027575016,0.002536837428808225,0.09579292296171193,0.011167704904079478,0.044167595988512054,-0.08462521805763246,,,
18,A,14,branch-018-A-r14-141b1afbbaf74519aa4bb779e97d9289,8f43b5d1d69931cc14b0cd72dcebea309086b4daf77bf797682e96af76de7407,0.05710624015331267,0.06661847658753395,0.02102570505142215,-0.01387409560680386,0.04825014059742292,-0.03489980065822601,,,
18,A,15,branch-018-A-r15-b4a5cec4d7134d0fb356830ceab2c5a4,a95899fc4338c29fe52f2b8947d09eb921972624d0b781f333ce74987e9434f4,0.033664618539810176,0.023120326709747285,0.0908700325250626,0.005112078237533568,0.04921832592487335,-0.08575795428752903,,,
18,B,1,branch-018-B-r01-dc66c974760c491396b7b5761975f4e9,bbb08e611c370bcf2672c6e5f59fffd4aa14c926f3d2147e869624fadeeb8b2d,,,,,,,0.4268720156351726,0.43266011799971266,0.013377942925037353
18,B,2,branch-018-B-r02-1177783a2d214c38820631c0a2730f5f,1b16161eb29f0544ce1a736add567b336368723ffc8f1aea336e71b588f11d1f,,,,,,,0.4213249765197436,0.4251013805607955,0.00888353746598058
18,B,3,branch-018-B-r03-b47d70aafc674a1a8d97c9f3595c4b19,4435ae29e170257f0157a469944d33d43098d4193b58985e7c1f180aabef7327,,,,,,,0.4237090622345607,0.4329796158472697,0.02141106249209461
18,B,4,branch-018-B-r04-ce345de46c04436e813293e89d2c2dda,c15a530302d8cff6f37bf8268ed238dd49fdfb7cda2900773db1b673e86df81c,,,,,,,0.4197710292557875,0.42848809258341786,0.02034377029026379
18,B,5,branch-018-B-r05-2a34c5bf55144b32ae3892ad1eda9d8b,34a5c9af31761428edc07f2e6f1c50d9ecdc0aaa9dc73528135871b8c8ee543a,,,,,,,0.4378778316517671,0.4331376362462838,-0.010943854813826353
18,B,6,branch-018-B-r06-73e906e536324aa99c30bec61dc3848c,a712c560396f256b0bd187479066dc7263216748c0e381ed84c366de637f648c,,,,,,,0.4403430712580681,0.43814381395578383,-0.005019487283018461
18,B,7,branch-018-B-r07-19b640c1b66247b2866109cc4f99a0fc,6847d2c14f22c16cd937a841956243412ecb4bf1e5bc8af41a59fa65c9b206cb,,,,,,,0.4220547421991825,0.41967505554755524,-0.00567030758719371
18,B,8,branch-018-B-r08-f1d5fb6941304db78df4f7e4b8cb1922,71413930535f29422cb1998c83d0a18ebd26d552c985590919517bba1cf887a1,,,,,,,0.4206711696823438,0.4141141314446926,-0.01583389152834772
18,B,9,branch-018-B-r09-d30e99f1f13f4705a97da48a075994ed,4fb243c4121a85c9066c233542e128b5edc11be69716b96b3a3dc750d59a4fe4,,,,,,,0.43373381782372794,0.4287813505987326,-0.01155009941099326
18,B,10,branch-018-B-r10-9a49fada1a7c4f7c964b092f43316c12,a7f3de37a67a8c653e5567de7d632493310d97369b62c4dd6ac58cceb45ab6b6,,,,,,,0.4308740506132444,0.42389821411768597,-0.01645639510437228
19,A,1,branch-019-A-r01-79802d22a7274c59846abf8bf30fab21,784173bf3a5c61c47b4d84bc7a95847c6f7c3ac75ff7019e7bb317904a3291e9,0.024322274816036216,0.04797739707231524,0.1261992392063141,0.0074693691611290025,0.06616630369822185,-0.11872987004518509,,,
19,A,2,branch-019-A-r02-28d97813685149c1b5642d6251ea12aa,6c3335095cec1cf5d98aa4a5575efaa5d39219e771aeb36dee8ae6ae10d1f3a4,0.038800778406858416,0.06517707059383393,0.025168832325935364,-0.007862514680623989,0.04304889377554257,-0.03303134700655935,,,
19,A,3,branch-019-A-r03-b48f2affacca4f0891280a83e81d65bf,b86b6447c132ef807b2cee9e23198777724a917b7925263fdb43743f18696ee2,0.0800121631920338,0.03287956504225731,0.029538308358192433,0.002100443089008308,0.04747667886416118,-0.027437865269184125,,,
19,A,4,branch-019-A-r04-c9ae64dee575478a90ee94b61a08da7d,af6dbe0d7b87e20db98b9d9873e09377911a115e992b4d1f5d721747cfc80fe1,0.04497698850631715,0.06029455890655516,0.03566045202016832,0.010286116480827334,0.04697733314434688,-0.025374335539340986,,,
19,A,5,branch-019-A-r05-25ec4739795b425ca527990af84a0231,303b2285c47b9ae9ac26e7c35ce788207d802183ef3aa801c6fcb47e99f5c94d,0.0230798280119896,0.053205852913856544,0.044961915448307965,0.0019677726984024257,0.04041586545805137,-0.04299414274990554,,,
19,A,6,branch-019-A-r06-15a8226db9184e7bb28218c5ef80496a,8556c9fe799004131312602b3759ebfa3969afd59231c80b5c2d2bb6a05dc6cc,0.0007950678825378588,0.044018790924549134,0.06974104530215264,-0.009889374828338626,0.03818496803641321,-0.07963042013049126,,,
19,A,7,branch-019-A-r07-03b71bc2ca4e4e06b783d95726995926,e8f4c2558cb86808583a35af9ab6aa8ad4fd78a27a87b2eb6899dc58c2829dcb,0.03761794253587725,0.05550214266777037,0.030705223745107646,-0.004187592852115618,0.04127510298291842,-0.034892816597223264,,,
19,A,8,branch-019-A-r08-d6b9fb6d801c487cb8477288b95ab1ef,f9357e457f4050dd558254508bc7bd33955d36e35e9dae6428b11834f3322220,0.0291171726703644,0.0434126630783081,0.035688518059253715,-0.0016038370609283703,0.03607278460264207,-0.037292355120182086,,,
19,A,9,branch-019-A-r09-018e136b2cc04dbbbd8a51951d8e9075,cb67f23ecc6a24155de849e962170b20f5de1de088c9a22781ab1b05b7cc0ca5,0.026425478386878976,0.0071950068950653034,0.052507834303379075,0.004236429309844969,0.02870943986177445,-0.048271404993534106,,,
19,A,10,branch-019-A-r10-95d2b5640e7a41d1b841a440a5fb33df,052b73cf571b445035c9e6bd25479d2efe01ea99f559c3321275cdc86261a4b0,0.02084986847639081,-0.0011026015639304942,-0.0185506664514542,-0.0011455350279807597,0.0003988668203353714,0.01740513142347344,,,
19,A,11,branch-019-A-r11-e1dea8c26e56444fa1a4097d5fe156cc,2f1fb69c59d2e50c1f04d916d4c60014712f94be72c14217926fb809cb12b3c1,0.03299750607013702,0.021789215970039355,0.03278181607723235,-0.007691333150863622,0.029189512705802906,-0.04047314922809597,,,
19,A,12,branch-019-A-r12-f9f3f3982b584152b9d9b0eb3850e581,c67154fff250699cb06d63b594faaa9666380bde3e72d29440d4a989c0b9e0f9,0.11702647725343707,0.08495386211872102,0.05027884395122528,0.004762870633602145,0.0840863944411278,-0.04551597331762314,,,
19,A,13,branch-019-A-r13-059822cb22a44464afc2b8741b848f73,ceefb2f072ae4d739c703f5e7b0a67ad294c523d949be2aaacc533ec92cc9f7e,0.07160537397861483,0.07755239136219022,-0.006189945572614652,0.006488430988788596,0.04765593992273013,0.012678376561403248,,,
19,A,14,branch-019-A-r14-aa3365291a2747d4b53510a5f1429851,1d76c067a12224d9275a6b81161a1f1485481d90e0b3600c819e1db24ab4cb15,0.03565173269510269,0.0294528717637062,0.019826655471324894,0.01082736052274702,0.02831041997671126,-0.008999294948577874,,,
19,A,15,branch-019-A-r15-978ba706e00a4da2b6330cb238688091,5391bca294bfec67c4df5dd3a0257241f9dd0fbe48b023166378b8c9fd598b0f,0.020870646083354927,0.04041689074039462,0.0455333872675896,0.019220363402366658,0.03560697469711305,-0.02631302386522294,,,
19,B,1,branch-019-B-r01-0a50d8a7fa19427f996150200eb0117b,4ae9e3e6abdae45341af1bf5a1f83b499e758d5f073ebf87ef67feaa72624ade,,,,,,,0.4517007150232792,0.45657411979436874,0.010673852414772061
19,B,2,branch-019-B-r02-7ffad13e5cfc48fd9ff25ffc3e9f8cca,a4ae2e6942ceeeda4985507e2908224c56e1acf3daca82d0b9284926cb09fcb8,,,,,,,0.438999665804704,0.44866659214099247,0.021545901802402644
19,B,3,branch-019-B-r03-06a7195d001a4ac990b440f9a93316cb,eb3d753990b54f36e3f5607d38a90460fdfce996e042ca64a402f744a57d6b8d,,,,,,,0.45496302388807136,0.45782361091723045,0.0062482295821921965
19,B,4,branch-019-B-r04-4adc214118994c808eba8c862e76d3f4,1eea3cad3e202306ee6adea153c0d5ad9122ff6bd690da1d02370510c393c2e5,,,,,,,0.44915703655878697,0.4476888008276621,-0.0032795900375673344
19,B,5,branch-019-B-r05-d0353d5fc14349858a80cc4c2a118a80,b5a384cc76475fb9f4f38e3cba7f1cce985696a3965bce4de10698a9794ff36c,,,,,,,0.4347963552157084,0.43612488187154136,0.0030462069720302077
19,B,6,branch-019-B-r06-5e90d75d54024202af3762b110b398db,fa9d3e1cffdd546f11405ac482f1697bba3ac138e880a15b76ee0c429ed14b9c,,,,,,,0.4372075135350228,0.44399233545959,0.015281394255475202
19,B,7,branch-019-B-r07-a3f6158e8bc848dd9dc02a798cf11891,e2f4a970861f1a885eb94b4424fa9a449ce0d59fee8c9ad71a7a8b846478ed03,,,,,,,0.46166886940225954,0.45229730331798396,-0.02071992473872209
19,B,8,branch-019-B-r08-cfb24f37cc5c46938ea79d380bff54ea,e27094d52c3ee99952c6e182d77d21a53f95874b33643ab337f2c52e22f1dcfe,,,,,,,0.42421683330535886,0.4272254992008209,0.00704233689489543
19,B,9,branch-019-B-r09-2fc7bf86328848da947566b0cfe71531,7c8c9f4450ab91658f7112a89f484e4064b135ef2fe2038166feac77d7324c82,,,,,,,0.4306958492497603,0.42645641161998116,-0.00994108076291963
19,B,10,branch-019-B-r10-522f6036182640eca5322c4e09c0c2e3,ee26c1a4c3c40c3b071b1d2260d93bcfcc9944cb3191843ecc0bd5ac685cfef9,,,,,,,0.4412625558932623,0.4367715688347817,-0.010282233045666542
20,A,1,branch-020-A-r01-892947bcbb624c77ba283108cc5b3904,ed226a8af34677ab6d4fc7d3bd745c3b19038ae7509b62b2ad116ad36d22cf79,0.057907920098304755,0.09985932524204261,0.03984835072755816,0.014708078336715724,0.0658718653559685,-0.025140272390842433,,,
20,A,2,branch-020-A-r02-2fdfc1badc514875a3124a568c810676,d63c5397348f71b40973718791e155be077f8efc8d71ec498c6ca8810bb34703,0.04302618422508242,0.09566296166181565,0.02497860859632489,-0.027274607360363023,0.05455591816107432,-0.052253215956687915,,,
20,A,3,branch-020-A-r03-eaf6b9bb354e4e32ac35b7fbb640c31b,9b919ab8fc2a7f6c1683eb039cc7eadc39c336ded87999edb4cd89cb4f031985,0.0860504016637802,0.028902476406097388,0.10667477196455005,0.006760126632452013,0.07387588334480921,-0.09991464533209804,,,
20,A,4,branch-020-A-r04-50352058287e4f679ba5c1e1506f386e,9ad18cde10c2fffa262eb98e9be082bf014353ec6d4a2c3dd00fa5d232dd1180,0.07115609568357467,0.03598388150930404,0.04088390157222743,0.01672010627984999,0.04934129292170205,-0.024163795292377444,,,
20,A,5,branch-020-A-r05-7b4099a7eed14b8286c3dff149f94275,97e0c5991192e54a44691233bf1394abb1530c8e024a7df0c288f3564da3e123,0.1015713338851929,0.0501996638774872,0.053871810221672034,-0.0008935855150222771,0.06854760266145071,-0.05476539573669431,,,
20,A,6,branch-020-A-r06-265a792cca0641af99435862a3f39705,069b91dd851d7d6abd57dbc405385211d3c47a10d3ca7dc5253425647dfcc60e,0.028296161973476452,0.08721763379573821,0.0014556766510009922,0.009003493428230314,0.038989824140071884,0.007547816777229321,,,
20,A,7,branch-020-A-r07-62863faf3b164355b64bc7cc44979e1d,f37f47fd80b25cec911cd07ed8dd04e4cee441fee170dbd7057a5ff4889b6d6d,0.0575253661990166,0.08214015007019043,0.0570959166646004,0.004437197196483611,0.06558714431126915,-0.05265871946811679,,,
20,A,8,branch-020-A-r08-34b46feb3d1c4094a51e294b394c8631,40376d8fe0ae6805486730846e072db6a2b50912cd02ce8d6ea12ceee0b33ff3,0.016318188846111303,0.053324686908721886,0.026407987451553316,0.0012974966287612744,0.03201695440212884,-0.025110490822792042,,,
20,A,9,branch-020-A-r09-8078d0bad8db47659d64d8f6abb1ee85,f592459913eb4e0f603e796053cd14ceb977ab7929bf46034bd4d0ce9983c9f5,0.028290216934680923,0.08725269837379451,0.0714269874215126,-0.0024339223384857167,0.062323300909996014,-0.07386090975999832,,,
20,A,10,branch-020-A-r10-0658d1e3a85a4c299dac750045801ba6,cd40e5941833750e9d06f07f447ea0ad1f9ca4ddbebe431f63ab6025bf1aa149,0.020181126284599282,0.07644206528663633,0.0648023204565048,0.006243409228324892,0.053808504009246805,-0.05855891122817991,,,
20,A,11,branch-020-A-r11-11861107c086487b95b38cfe3c4bd5ce,1c8163a057ef859892c2570d57f2a341cf645494819611f30123feba03ede61e,0.007239309978485098,0.05570092730522158,0.08465468368530271,-0.0011476572036743238,0.049198306989669795,-0.08580234088897704,,,
20,A,12,branch-020-A-r12-59866c403d4d45e8b4fdb736034ab9b9,54d2c2eea9721aac55431e9876c85e9da24586e9fa48b1713b77f261d9aaca75,0.03105947948694232,-0.008821436691284157,0.03287648985385894,-0.001583986616134625,0.018371510883172366,-0.03446047646999356,,,
20,A,13,branch-020-A-r13-8ea9b287d6e6471ea15d22dea9f82d65,6d05b8a8da9d9958dc65031a3a837e4bdfbb7c3540749e6ace0a36cfbdd6b9b5,0.04808380470275875,0.0472565423250198,0.06634008405208586,-0.006997689437866217,0.05389347702662147,-0.07333777348995207,,,
20,A,14,branch-020-A-r14-7a92a1979937446f9bdb3e7af454ab03,bcdc94df00ce856ca39ccb81e8ab755a01ab75387da18c9c4b4549921e22a05d,0.034129560482501986,0.1259462099075317,0.060333617818355556,0.007445725202560427,0.07346979606946308,-0.05288789261579513,,,
20,A,15,branch-020-A-r15-d0d24c3ef5274fc2a848e27235b04861,a5fe1bf4f975c57021613645879aa9b447f5568d6b539731c809b1e3f8d8d93f,0.02470219048261646,0.0439516115784645,0.044865242731571164,-0.0007077308595180298,0.03783968159755071,-0.045572973591089194,,,
20,B,1,branch-020-B-r01-5d797e71d47b4d8bab6056e440c57765,46fe62d7918b21395dd98ad271a2cabd383d21dacfbf536a303351b03e06a2c5,,,,,,,0.4289962653120359,0.4321909115215143,0.007391747776999179
20,B,2,branch-020-B-r02-aff34fda954444d996cbc8b495a8b8f4,4849c3dd4f9d98cab6aa9f035f3bd91780a239db3af339cbb1e6ce7af1b3fc59,,,,,,,0.4291396502892176,0.4303305930137635,0.0027675065260995874
20,B,3,branch-020-B-r03-c7508c958daa4aa4aebb067b156b4de3,64f3b0cb37fec7aac8e1664c6b7e1c1b4703f151e21a9a92f94dfc2177a98664,,,,,,,0.41862569668293004,0.42564126205444336,0.016482343224083307
20,B,4,branch-020-B-r04-834d1adf64c64da6b234aceb10da298c,d929321ccb91b2353325874f1cf1dccd0519340fb86349a480a5855e6d79f0da,,,,,,,0.4302407159010569,0.43499337823390966,0.010925826853155239
20,B,5,branch-020-B-r05-25e47f892551448386684f4f9449bcc2,ff53dc52249073e9edaff783faa0c997c53c0399143745458ff33bce8d57f750,,,,,,,0.45622341721057896,0.45130022220611576,-0.010908913318049952
20,B,6,branch-020-B-r06-e87ca27e26604b778e3f5069dedc7fb4,7110f6d708f00bd7158d34adca8cfbab97e9147093a49ec69a226463b4c189d0,,,,,,,0.4367156160910924,0.4421093105912208,0.012199911585023173
20,B,7,branch-020-B-r07-2f6092c537594422a8c150cbf6f89bc1,f49cad1eb8681060bc06f8801a91e82e2c247810ca7797aebef90f96e73cf6a8,,,,,,,0.44379333493510886,0.4323314424534639,-0.02651181791590079
20,B,8,branch-020-B-r08-abb0f6dee33b4e6eb4cfb282b3e3da8e,12981ee8cd93081290e8607a0801dfc1e36590fd6d0f4319653086209b31e8a2,,,,,,,0.4234756479342779,0.4223422656059265,-0.002683563594387883
20,B,9,branch-020-B-r09-efcab2b012de4cefa8a721e7d356589d,f6231e19fc344fb2094ae0104669a18528c4100fe7761e9c397261e82e95659e,,,,,,,0.43138009829123813,0.4242498387416204,-0.0168067466348767
20,B,10,branch-020-B-r10-bee93a45856449469a22ccd09afa9afe,1261b86abd889a4e1f12f19040ad1eca1c42a662b8cace819ee1813532f54a7a,,,,,,,0.4213988037308057,0.4212020391941071,-0.0004671500097080804
21,A,1,branch-021-A-r01-f135c3aff4e447039842a45a27dd0f53,943b5751a77447423fd9c07639adfefe3c61da6aae07e6e1022aac4cbf6e1114,0.03311781996488572,0.052104085955023804,0.06928389260768886,-0.009336656326055515,0.051501932842532794,-0.07862054893374437,,,
21,A,2,branch-021-A-r02-e49c48f38deb40c797e2603aeddf92d8,55b3be39b822adb8573f63e11e7a6077dca68dbc4169285ae6d3b134fbdff802,0.033769384229183186,0.05609178425073619,0.0023151288628578404,-0.030315431886911437,0.030725432447592405,-0.03263056074976928,,,
21,A,3,branch-021-A-r03-2d5cf7dca2a94ea3b2676f624a524269,4622f9f43740c146478cc2bbd6c36ef299a215ff3b8d37415edf5596b1b6dc5b,0.10243909878730773,0.06325145922303199,-0.00521632032394409,0.005654053366184242,0.05349141256213188,0.010870373690128332,,,
21,A,4,branch-021-A-r04-2a69305a5ebc42b49594deba724736bb,9866ac830c033a63a5b65aefeb9587c9764e4633220b968caf333a927decb7aa,0.11777638787627226,0.03041180431842805,0.03833381813764569,0.01647128028869632,0.06217400344411533,-0.02186253784894937,,,
21,A,5,branch-021-A-r05-95305f8caca0437fa71de90f8121fe3a,5276b6656ce9bfd86081b4dc093157667d68adbdb2088e314fba32594a3c9563,-0.004012790882587436,0.039113307738304126,0.04026726782321932,-0.006199620771408121,0.025122594892978672,-0.04646688859462744,,,
21,A,6,branch-021-A-r06-6db772ba7bef440abd441bc15c8c0932,7e3727463748731ea91af687733c4114cfcf73aa061795417bc826e732ecd3fe,0.03421932208538053,0.020119218057394028,0.01881351759433747,0.006968537414073939,0.02438401924570401,-0.011844980180263531,,,
21,A,7,branch-021-A-r07-d0a940731ded431a96191601f3d860e5,f9c43ccef848373e8ffc4ac836fc0dac16387d8c457eaf88ab5b55e500038d3d,0.09176519422531121,0.035689454710483515,0.023822599852085125,-0.016234762156009663,0.05042574959595995,-0.04005736200809479,,,
21,A,8,branch-021-A-r08-8ae0d9f0a3114a7a84c419554d8ed56c,e0232dd9b4e884a9db9f8e79b15f78db60bee278ab23e2613e16adee86cdddb5,0.04192723853588104,0.1674023449063301,0.04918912930488589,-0.00010715885162354555,0.08617290424903234,-0.04929628815650944,,,
21,A,9,branch-021-A-r09-476a6ae1a5d74d56851376de9bb41cee,895c62bdeb2d23d95e39fddd021e622cf5c752a00aa2b2d729f66dffbc9e63e2,0.08614998248219491,0.01432760404348371,0.056331041872501375,-0.009169197690486908,0.05226954279939333,-0.06550023956298828,,,
21,A,10,branch-021-A-r10-b113279c0c7d43ecb86c60406e755706,f2b67a6847dd89a08dab4586fb268ca54b47294f1c140e87114762ce7275d985,0.026882688641548136,0.04804779314994817,0.059675275707244846,0.004709123694896733,0.04486858583291372,-0.05496615201234811,,,
21,A,11,branch-021-A-r11-463d9dc439f148d78bcc3df218428f59,976ece05167ca91aea3516149f083c9473ed376c69c684a1d33bcbbdc50e1779,0.042381063294410715,0.025540278190374355,-0.006006141996383663,-0.0023568465232848834,0.020638399829467136,0.0036492954730987792,,,
21,A,12,branch-021-A-r12-73104a604955440dad2ccb1450fa5835,8d545d0c8a4e2b22103d3589a1885fc4395d3e2c12c92452372fde7eb0c4dcbe,0.025623719048500082,0.08704413678646089,0.05925458127260208,0.00046894863843915946,0.05730747903585435,-0.05878563263416292,,,
21,A,13,branch-021-A-r13-b79a449336c2424b8df696169e747e54,a3fb9a2b053992e6a6069efc6644a6696308049b87bd05abe92b64f1263d1399,0.07229936969876288,0.03387694332599639,0.02272471094131473,0.008594086825847613,0.04296700798869133,-0.014130624115467116,,,
21,A,14,branch-021-A-r14-8e332d1cc707414a8fd9c3f9034fdd02,6fdfdfb5c5572750146fc2a4edd1be636bd2bdb0a5e731982b12a790db9b9785,0.009464615368843077,0.030078873288631403,0.07073016508817676,-0.01688679610490801,0.03675788458188375,-0.08761696119308476,,,
21,A,15,branch-021-A-r15-c645c9cdbc624c6abafa3087763005e2,4211c2d5ef8f79ff36b902358acc794dadbd565886b5d68859e4b40fb45556e8,0.03172999970912932,0.08479885659813885,0.04660666682720188,-0.003978415596485152,0.05437850771149002,-0.05058508242368703,,,
21,B,1,branch-021-B-r01-206f572748bd434290710fa049ad86a7,6dd77e7ef70cff9fd9672a07b1ebde13e9401c01efb370cc48eead2ad1ac67ce,,,,,,,0.4657192437897126,0.4634263842741648,-0.0049476240312448135
21,B,2,branch-021-B-r02-83aae6b7985344edbddca3350108d1d6,46f1b04a21fb9dd30feb7505e62849758f30cbe3047d2e8edb64f1a740191a50,,,,,,,0.4424182685265938,0.4543363875289758,0.026231927112863918
21,B,3,branch-021-B-r03-38589875e83048a990b3454dde752127,6cf55cd577dee7bee5d4539f5d42c4afdbb580cea1908d7f89eef9575ba9a161,,,,,,,0.4454535192549229,0.4401928359687328,-0.011950860750863582
21,B,4,branch-021-B-r04-f5d6cc126ed8428bb8c3a67c688dfb6f,be601cea3919cdac46b0cd374b87a95184f2a8988b250eb6ed79f946b192c928,,,,,,,0.44429381079276403,0.45362310744524,0.02056618478943371
21,B,5,branch-021-B-r05-236bd8108ef74ec8a899c84ba6ebc940,efa06d35033328ee2321acad54c7fded50c835bf2ff22159785c85b12a7539a6,,,,,,,0.4295613310813904,0.43947218445936836,0.02255171937712088
21,B,6,branch-021-B-r06-359db306106646198b699f452bcf62ba,ef96233eda84c410f8b82d71b831f776c988da1e0374276418d6d5dfb2aa73dc,,,,,,,0.42768151506384217,0.4287269427200158,0.002438446367613488
21,B,7,branch-021-B-r07-52543d8b10404e8585708990b00c009f,047a2be6e8dfd818f3bbbcad54711b9c4249b6f9a7d58e86ea010a2b41883c93,,,,,,,0.42047132157981393,0.42564837397535643,0.01216274444370892
21,B,8,branch-021-B-r08-2b9769e865ac4699a24cb8cea0f9bf5e,3c19e08de954eda3f2374e084850b77ef055492fa6b74653caa15df1d8c0f334,,,,,,,0.4437803371429443,0.44277379426360125,-0.002273266603361368
21,B,9,branch-021-B-r09-0b76864e6b1e4075aa99bf970c27368d,cc804434766531f0127a5a845eb4865b10c48761d073544f102d47ba70a3bc10,,,,,,,0.4234467853138844,0.4264321850299835,0.007000878031495577
21,B,10,branch-021-B-r10-a28afed874b943df943513c0fcb55aff,e1000a86faabff2fbadeba8eb1f752489f1611a5a07e3957f76b0dec2caf012b,,,,,,,0.44648616871237756,0.44119179553588234,-0.012000162355840165
22,A,1,branch-022-A-r01-1f3a93dc58d2469ebf4bb3805bd4d04d,65c79eafe4c0e0b2a0c53ea0228167dea4753af206868d4ada365c8eec106e54,0.12324764670133592,0.04055374670028683,0.044986069154739405,-0.005605669569969163,0.06959582085212072,-0.05059173872470857,,,
22,A,2,branch-022-A-r02-fad0fe0e36b940daae8b9ea3a1f3cc32,ca0c8ccd2bd6bcad207262b1f1a43d718dbf27a83908f9c69c80b0b538a03446,0.043598108875751496,0.0044541562557220415,0.01622895251512524,0.003916572898626347,0.02142707254886626,-0.012312379616498892,,,
22,A,3,branch-022-A-r03-3a9e1a6a86534729a85f3fa3b70f8edf,6d4b785ebb48399b8c6c72135d0ee5e788bcc19523b208f5154ee3680b25c03d,0.005181189250946072,0.04357228736877444,0.0333377730607986,-0.010324773043394075,0.027363749893506373,-0.04366254610419268,,,
22,A,4,branch-022-A-r04-caeaeafb3da24f2e87da6f4e8ac32a8f,5c2dd1468ef8657198358ae23f30f5c2fad5eda6e94670e48ab72b375bcc49c1,0.09215799411535264,0.03522748737335202,0.04806845279932026,0.008725248980522182,0.058484644762674974,-0.03934320381879808,,,
22,A,5,branch-022-A-r05-3b65a3723f5541c085fe3c1b37b6fa51,0a177c3f076f456f5dfd5214a62e029a8054dda17abaec939a5cdd6e093d7bb9,0.048501402461528786,0.0506577293276787,0.034309750247001614,0.01083962870836258,0.044489627345403036,-0.023470121538639033,,,
22,A,6,branch-022-A-r06-b7ce500701ee44f5887acf7db8d7ab3b,266638e4e6e6a7483496f277a39d5df0a62d8bc26c46381a771c61b490ef3e68,0.0778740770101547,0.09158398762941361,-0.007565201210975647,0.0017809545278549277,0.053964287809530886,0.009346155738830575,,,
22,A,7,branch-022-A-r07-89382db1d2f648d6b65d6be879fd9843,a71086bea66f12a1fdb81497bf8d9cf1013ed9c1e2fb9db2756b90b655a0475b,0.0707816899895668,0.022648917984962436,0.057742669558525084,-0.001877535247802764,0.05039109251101811,-0.05962020480632785,,,
22,A,8,branch-022-A-r08-3dfdd33b2ad64477a6a5ab9f8f3ba558,6b2b910544403c889300e380ab5d6163fc722feff20b5a7627a62db0b994189c,0.05327738740444182,0.05485138170719145,0.009412342238426241,0.0025736799359321605,0.03918037045001984,-0.006838662302494081,,,
22,A,9,branch-022-A-r09-206a3e92d0f542c4b84804b674b017e5,8b4074521bc09d5cf61ca81b8ef6aacb9b6dc0606249f97b5c8200ca31ae571e,0.025603765964508085,0.01342567898035052,0.01616710975170138,-0.011636009776592238,0.018398851565519996,-0.02780311952829362,,,
22,A,10,branch-022-A-r10-fe8f1627310c45b980b0d52cbe6deaf1,62aba189969ff96738593ba11a9b226069de67c626f02d24dcda6274be296c73,0.019409193742275233,0.01018207097053525,0.04648854416608811,0.004509441328048702,0.025359936292966196,-0.041979102838039406,,,
22,A,11,branch-022-A-r11-a8be5f7e98f04e238f54237f9cd2a2a9,1bd250e6d59961d1232b634d075ecfe507efdec84a2d4c4b1bb17851cf814b4a,0.0007731050252914318,0.052203908765316,0.025041071987152053,0.008339053964614873,0.026006028592586494,-0.01670201802253718,,,
22,A,12,branch-022-A-r12-c6d3dc1071ed42b8a095ae9c08135fd8,55b35b8600d779efbe3ca15f16b152a9bc1ffe5a73e606a3ef74efb82293685c,0.0899445056557655,0.03049302186965941,0.050858141899108866,-0.03247473086118696,0.057098556474844596,-0.08333287276029583,,,
22,A,13,branch-022-A-r13-f7d42f54c89b4a9294b26ab3f804a423,ec968d92cc14f8ddf7cd873b87e824d5b9b1f8ef9adc698a6af6e6fe7407e9da,0.037889759457111316,0.04507307106256486,0.032152332019805885,-0.013638401663303379,0.03837172084649402,-0.045790733683109264,,,
22,A,14,branch-022-A-r14-c062e18e321e422a97656bc31458b687,f4bfa1d44c590e30cf89268e249799df15bfe86076ae4104c6d1390860b00ebc,-0.0012956852912902606,0.024558839297294577,0.008225709760189048,0.002213805699348481,0.010496287922064454,-0.006011904060840567,,,
22,A,15,branch-022-A-r15-bb1b3ba702984b088687e2cc7a424971,004198e10950ca796ce96c078d7719516117d113af90ba79487a273cfd476907,0.03446995782852175,0.04583218669891359,0.02654981539249418,-0.002061809563636774,0.03561731997330984,-0.028611624956130954,,,
22,B,1,branch-022-B-r01-ac103d9d45614608923f187949872afe,8655e5a0bff89dc4ad97a3a648eb1fdebea6fbcf676e7b78b6e11853c443f0ee,,,,,,,0.4225065478801728,0.4255919091383616,0.007249576864455262
22,B,2,branch-022-B-r02-7706b3c9e207419eb44c121ba426c08a,4e28242347db20173b27fb8732a623c5ae69c220b31c92a560d43199248ce3df,,,,,,,0.4179103490193685,0.42540003237724305,0.017606212477277648
22,B,3,branch-022-B-r03-c0a044c6e7044602bb6b9798e3574b6c,91feca9543d4be62b9dcd6c6c90c4aff78cefc981d24623bf2859e94b2133dd6,,,,,,,0.42740280694166816,0.4217644509792328,-0.013368495019778145
22,B,4,branch-022-B-r04-44c094cd2a1b4be2a014a08c6e023fc9,1741b1bdadd85b4afbd091d3c1c4414c23f2ae7315eede0d88fd676004ec24fd,,,,,,,0.43502808151245115,0.43366244572003687,-0.0031490755215080398
22,B,5,branch-022-B-r05-1cc0e773c4dc4317b0ad848854df1c2f,caee32d3299ac63c317cdec8704d71d18caea5f881fb4a469886598a0e9cace1,,,,,,,0.42234462595582006,0.4235811962028344,0.00291932280776271
22,B,6,branch-022-B-r06-ef8c0f2be7b542f8ae0a61578606fadd,66fb25a672b87e716c62950acce489176c9473e58cf08dadadcbae458e790df6,,,,,,,0.42632722855011623,0.4214575385888417,-0.01155440231910338
22,B,7,branch-022-B-r07-c349120c8d1a482696c86fcd3d18a11f,75e5c8f8db76b022349e89aa51da57afd64126224a7b8703e4c25066a392110a,,,,,,,0.4240999045014382,0.4296120314121246,0.0128304761218353
22,B,8,branch-022-B-r08-78f9502ddd3b41778b57a334e86e75e3,541caf940d0381e423eff368892888ef4c7862e1264b2aba785d9fcea5d646e3,,,,,,,0.42566544362703956,0.4336801141023636,0.018480604055163843
22,B,9,branch-022-B-r09-49f9f88d52754af39ef49e043f7ba62c,a2b12f2b6d8009dc16cc628ec0fbec658b4e01e7a7c75927551670e9544f46e6,,,,,,,0.4369211697896322,0.431791707444191,-0.01187948322537942
22,B,10,branch-022-B-r10-81e81ba60c2d4319afc6b17a4c636d0d,f6632075373b266000a2bd604bccd4af51f7fd0e79234bb92b42ce9d0e4b14b4,,,,,,,0.43204821279843647,0.4295005794763565,-0.005931617892543988
23,A,1,branch-023-A-r01-7906a42e941f4dcfb073070c3eeeac2a,9b48d0f00576ad85b89941b14793545957d03da53dc380f11b78e78216c83bf3,0.10986426731348042,0.1273304103493691,0.03857189302444458,0.002860236930847193,0.09192219022909803,-0.03571165609359739,,,
23,A,2,branch-023-A-r02-f4fd984ea37740f2892d350b492009b4,e27be83820a3bcc1c5c31c4a39dd010bb40eaa7d9d7fc70d0aa583458b9d333d,0.01982563395500181,0.007485122346878037,0.11477632691860201,-0.009689703369140601,0.04736236107349395,-0.12446603028774261,,,
23,A,3,branch-023-A-r03-db035ba549174ae0ab6d0fb61aeea5db,29726f2e09514c2d6ee6ffb3300cf3d684edbaff66c0a55b681d97f7c0e81d4b,0.10413130373954776,0.13962289823293683,0.0251447736263275,0.017675798231363282,0.0896329918662707,-0.007468975394964217,,,
23,A,4,branch-023-A-r04-4a1984b23d8542b0acfd61c175b3563a,4db400380d5a8e253a3808f4f36235606e4df41eb880a2686f8c8555b97058d8,0.027888645911216703,0.014378356981277485,0.03575477949380873,0.0010631832897662896,0.026007260795434306,-0.03469159620404244,,,
23,A,5,branch-023-A-r05-7c6413564c51452ea2e6d9a85aa040e2,3be341bde1cb7507bc15a87d959503034581a90535277c1e92d46c82ee592ae8,0.052567857551574726,0.04076319947242735,0.04091791838407516,-0.025321379113197318,0.04474965846935908,-0.06623929749727248,,,
23,A,6,branch-023-A-r06-91e8dff45f844ecf81afb3c8042b64f8,f84c127e3cd35f2b08461f7a37d1b86bd7de398564a23fad7248651566e5bcbf,0.04919525373876099,0.04633163733482365,-0.0011906285405159367,0.008144234418869023,0.03144542084435623,0.00933486295938496,,,
23,A,7,branch-023-A-r07-5eca2501f12f4640b0b3a8cd0d93dea8,66db2429331cb2cf8997b6de8f7613e90628fb7d05814cef8d4fc97ee3d58447,0.0685652917861938,0.1770513419628143,0.059591078734397895,-0.0018638175010681213,0.10173590416113533,-0.06145489623546602,,,
23,A,8,branch-023-A-r08-e4e37fe182e74cfcb04665f6568fe745,fe9ce05f3255755e3ec8565579a77ecf3a672a13f5b2f2373408c04a21c9f41e,0.01108414397239682,0.060124761891365064,0.06422888064384458,0.002580905318260218,0.04514592883586882,-0.06164797532558436,,,
23,A,9,branch-023-A-r09-bbb5e4ccb27e4c5ab0f348394650a231,375e54686cd186d1514ce9e96ddaafd3364a870dfcf4591d3428a4cf9a2394bf,0.06078620389699935,0.034971427148580536,0.0498576736688614,0.008311811316013329,0.048538434904813764,-0.04154586235284807,,,
23,A,10,branch-023-A-r10-3ea156f163e34bae9a60dc94440f7ba7,f9403e4b3a628b9e8bc74bac041414112ab5f88e6666ed50b69a2645fd69e8c6,0.010447437763214107,0.04378494417667389,0.048736240291595456,0.001477516591548933,0.03432287407716115,-0.04725872370004652,,,
23,A,11,branch-023-A-r11-2d567ff0781d461aa03be22d9c663ec0,054c8a9cb14023e7d54a2486fdcf22143ae8a0a549bda80e46ca23f3a26e90f3,0.09534080971479414,0.06644774910211565,0.01834293782114982,-0.022944012343883546,0.06004383221268653,-0.041286950165033365,,,
23,A,12,branch-023-A-r12-26beb6af794449e9a2be32b108d22180,359edad995faa2aa79807ea570e2e2f17d530d902811d58d631f912e64be10f6,0.0440521741986275,0.016962708783149705,0.058516215133667004,0.017530946671962755,0.039843699371814735,-0.04098526846170425,,,
23,A,13,branch-023-A-r13-6167adc3c9354227b2f05e8d42bc9e6f,b799bc86875950330d8f0154cd0e37f20c19feff4649f1403833aa8739b4ce0f,0.082746930360794,0.014825396025180793,0.059109618163108835,-0.0049680516660213225,0.05222731484969454,-0.06407766982913016,,,
23,A,14,branch-023-A-r14-7cca57e0f5aa4addbc17b9b656aad9e8,a8e587e8ea800fac1f6828505e6b3929a2879e4ecd9d2281e17a87e492b16f89,0.05878453801870348,0.018476322972774517,0.05901930651664733,0.003754391646385191,0.04542672250270844,-0.05526491487026214,,,
23,A,15,branch-023-A-r15-63a8ff16f4014913a91e7c9e1f9f3ace,9eba04751624a1f2e493b4b75fa844909f124a3438157df6d7c49f2ba56bdb97,0.06133466390371323,0.06788525731563566,0.05507071783542633,0.0003169480800628288,0.061430213018258406,-0.0547537697553635,,,
23,B,1,branch-023-B-r01-f92d747578bc418ca3dda86a5ca95ad7,0e3fda7678c0bf4ed9fce2d5a317a201e2745208d3cc087a48c5715a7f6e63c4,,,,,,,0.45226062200168765,0.44248804929455116,-0.022085506541287818
23,B,2,branch-023-B-r02-e62cf7d20e4c4e539ae9b26c6f8b7774,9c09f8eb7abe9595af5e5f21a5bb4f951916f02a38b431eb3a8487b7fa98ead1,,,,,,,0.4308197333286206,0.4331608096857866,0.005404635656822625
23,B,3,branch-023-B-r03-9f5ae378685e45e99c61a393af02671b,363659513f00643cba2f4a1e915060a283269a938de983f97c81e6d04cd3eae5,,,,,,,0.4375171807607015,0.43676371162931127,-0.0017251184366473206
23,B,4,branch-023-B-r04-8716ae0a6630490ea029a75577a986e6,775111aad60cb9b1362444f6ac6b8cd53bc586701e852318f7e284ff62ea8429,,,,,,,0.4556184284637372,0.4534509700318177,-0.004779917951807159
23,B,5,branch-023-B-r05-dc0ee80c52554057b60882fe1b800e83,45aefb9a7ed3ea1a7ec354d02c7fde4f921ae301ae018ca0d33843a7eb70f4c7,,,,,,,0.44836019219756124,0.4423297968000173,-0.013633256093462597
23,B,6,branch-023-B-r06-b847cf1a2c0e4b1fa32a129f80fe9870,b586e488e69f405be30629db48a130ef3ad4b5a46937e3a16f38a99d2c4a6279,,,,,,,0.44839676953355473,0.45490899427135784,0.014315445110585127
23,B,7,branch-023-B-r07-a7b7e7c032364b9e96c64fb807e81090,1db3b25442fd33d6e293145829baf18ab69c0aafd110412923459972a72965b9,,,,,,,0.460352102192243,0.450851921459039,-0.02107162081611996
23,B,8,branch-023-B-r08-7505db6626534f499d1e60a56fecc3e1,b0248f9d06f972b21bc1d0e372c877d5713646965b90c7b68e3c846796b887bf,,,,,,,0.4447796940803528,0.44642017786403493,0.00367475276662289
23,B,9,branch-023-B-r09-6cca9b4e718c492b8ea674400f8ff744,9d0b18a90cad3df24b2c81f0ae373224813f8f1d5c603a6f5fdb551dfcc1d1af,,,,,,,0.44545456051429116,0.45026304373939824,0.010679275796594384
23,B,10,branch-023-B-r10-948702e37161407c973c8ac6c8dc4079,6f40eec8ec571fcde04056893c7c1cd16337458507c7cdab1a84539610327363,,,,,,,0.46274426281253495,0.45595736164251965,-0.014884947016901916
24,A,1,branch-024-A-r01-cb2033ed3c4444d4b0eb15b4f3b87693,510005d1b1f7979b9a42d4ccea38c71304802c14d22aa514b464d7fc86f55339,0.046477995896339386,0.0047225559532642625,0.04507558948397633,-0.0036593982338904985,0.032092047111193324,-0.04873498771786683,,,
24,A,2,branch-024-A-r02-75a39324e15e46fda06838e1bce1f8c5,ba41f95fb9aca72b4227f10a205d5b0b3cf29c94bfb49ed4dafe174da0f2df2d,0.050327072423696495,-0.00292707729339603,0.03073149267435077,0.018102635633945485,0.026043829268217078,-0.012628857040405284,,,
24,A,3,branch-024-A-r03-5be30b82ab204186b4ac723086ea6e33,c2eb42d96fd6c4dfb3691c3cd0567c0d66f1ba911b22bdb728cb15c7aff2d9e3,0.06593913517892358,0.05103779766559602,0.003935234338045157,0.0033647282123565603,0.04030405572752158,-0.0005705061256885968,,,
24,A,4,branch-024-A-r04-3919d544274a4e0889353ea7a3534ff1,6a278bacb5708c1b34324d04ad0635a7120cebe026ab4380d17f40a92cd88095,0.15095069575309755,-0.008153977012634261,0.10278778820037837,0.0016188328981399658,0.08186150231361389,-0.1011689553022384,,,
24,A,5,branch-024-A-r05-d7a7f3af091d4055824e2011ec768df0,9b2c91f4d81bbeb14f313a7a4c79b09852be1d8f9da2c167a0e1bed8e64bc54e,0.061028633129596666,0.04641387817859649,0.018768056392669652,0.004283619427681018,0.042070189233620936,-0.014484436964988634,,,
24,A,6,branch-024-A-r06-965fc03830ef4c95a16fa9f02caa2e03,6a1b4a54ddebd3df75e213fef7ae2a10804e8c2d88341a325142aaad31098c30,-0.03264764459133146,0.058400610208511394,0.03871096547842029,0.001181916594505339,0.02148797703186674,-0.03752904888391495,,,
24,A,7,branch-024-A-r07-c327ffb85978442882981c064fd63f4b,1db0b5df8c798e7a2f1296300f77c36f65560a02c1b8b51eea085709f677ba05,0.034629358291626,0.07226128025054929,0.05526430324912074,0.009359057521820091,0.054051647263765344,-0.04590524572730065,,,
24,A,8,branch-024-A-r08-631769b4b37e413ca79a50c832bf5eb1,63a91d960221a3058f4858de8396077308a1179c1080257121e61e6d6554c1e1,0.06765629354119301,0.0643935254573822,0.029163427138328535,-0.0009050281167030105,0.05373774871230125,-0.030068455255031545,,,
24,A,9,branch-024-A-r09-5e96ca13deb3492685cac226c23a445b,c2ccd08cdfb912a4658bc42d6b583eab8f4e08d3d77273fcc96efdef342961e1,0.06996464283466342,0.08937808784246448,0.006743860816955549,-0.012137215828895598,0.05536219716469448,-0.018881076645851147,,,
24,A,10,branch-024-A-r10-3a22db9848aa48458abf28825d365630,8975c317fef4da43dfeb846c02b79ae8809510934e240145c20ba8136fa63714,0.06963169018030169,0.019410580182075476,0.04188060381412506,-0.01355861089229582,0.04364095805883408,-0.05543921470642088,,,
24,A,11,branch-024-A-r11-f21765e307bb4a31a6f13e30acc5b453,6b07a3a32d9b09d540323fadd2995fe7a23f15e327ac3d38b34fa6bbe585dd18,-0.004199513864517224,0.05510232486724853,0.06828364896774292,-0.005419382095336933,0.03972881999015807,-0.07370303106307985,,,
24,A,12,branch-024-A-r12-9f9fc13c9234432b816b19ee3309d872,bb37cad23ac2fbc7816d35646890f18e9d8e32c97bee55b3363736c6da0b71f3,0.08540969955325128,-0.012106329423189177,0.039641052997112236,0.004522905445098868,0.03764814104239145,-0.03511814755201337,,,
24,A,13,branch-024-A-r13-b56f00f234924d42b25ef5b3bfc12813,9c6d441f4586ef04ebc883c1d1bedbff3aaabe4676b6726736e59f7c2fc0ab60,0.0794572447121143,0.06662419214248655,0.040830935239791866,-0.009418571496009776,0.062304124031464236,-0.05024950673580164,,,
24,A,14,branch-024-A-r14-b514c79c676242789035883fc57163f2,8a01e54ba2c3adeec90602150fd6990711601ff7691360a0f35e13d810635c20,0.009314956307411193,0.012494685506820646,0.09320769960880282,-0.003970923471450838,0.03833911380767822,-0.09717862308025366,,,
24,A,15,branch-024-A-r15-6c150bbfc1324054a015d14874702d01,2ce01c7211842bcceda98b4c6d84f432a838f8bf87c935928a40e1920a035ab2,0.11843394119143491,0.08266831613779063,0.014323576354980494,0.00941890844404697,0.07180861122806868,-0.0049046679109335245,,,
24,B,1,branch-024-B-r01-db47622b053f47a8b47874e7144554fa,3dff58971ae84c95939ffda4ab2a364341cc50722e026fa3caa5a826c2c7e5d7,,,,,,,0.4289505660851796,0.4351919699390729,0.014341725686636792
24,B,2,branch-024-B-r02-41e22909525144109341fee02b686563,a7bdfc51b10030f67b7982b5f8476de82d6de106ae1605cc5403539902390ccf,,,,,,,0.41998014203707373,0.42749211378097535,0.01757218788777553
24,B,3,branch-024-B-r03-6594db308c7d4e9b97efae3e698d92d1,fc94fd0533d78ae1218407fc6738661087194212d8c725dd9d0804fc3d89671f,,,,,,,0.4293441353360812,0.42973564010659854,0.0009110363069263791
24,B,4,branch-024-B-r04-af91e0671414415a811bd4277d9fa7f6,9ce4bc5a23eab7b86b49b3c9b56dcd85db98921e5f8614fe9e5598a26061d8c9,,,,,,,0.45445147125919655,0.4570182910521825,0.005616448713849994
24,B,5,branch-024-B-r05-f5cf3eb52c6b466382bf53f582ef6b1f,8fd8e7c4d4464a25e91ecce8bb464c2a36d21f3eba195388d7de8c76d5789d8f,,,,,,,0.44416916563908265,0.4477162655949593,0.007922651528335694
24,B,6,branch-024-B-r06-a69c265b3c18470b9a7a40a5fedd6386,e5bd7b3747916fdb6075660cef126274b0a92602d65c56440290bf5246b1f86a,,,,,,,0.43867780331373213,0.44385455541014673,0.011663172166006031
24,B,7,branch-024-B-r07-21fb535e372441519f2c73f9692197cd,59cdf44e85c9dcb39ef09f062edb25835ea52f0092b7a76bc1255e13a4435d89,,,,,,,0.4548271243333817,0.46323765974044795,0.018155983716390177
24,B,8,branch-024-B-r08-3929ce4020ee43aa882dc65e9ed49a4c,b263692eeccfb5b1f8c0b035b522f3ca2c2e1a44bf640d2f78cce8ece13921b3,,,,,,,0.4391553010642529,0.43591272936065995,-0.007438579984458622
24,B,9,branch-024-B-r09-19f229533acd45258889890f0662b828,f9cfe9ae822ab892c8d36fd65c3c29380a4c9c5f07ace0f5c2bd275535c5707e,,,,,,,0.45168867705067,0.4390418323000272,-0.028805557512342844
24,B,10,branch-024-B-r10-27cff92340f84cc9bfbb528e8bb04ff9,5ca52e4c5074f852179db26b1116a4ee48b4cb12f494b6344e506a339b9f6d50,,,,,,,0.43347919905583066,0.43495698249737424,0.003397539299308779
25,A,1,branch-025-A-r01-9f05df884b7748d08cef088a9dd422e1,32deb1db353b437946af3b96a2d923ca1423f80f0d1e96310c187e0179ba124f,0.007425218778848608,0.03431839611530302,0.03433003998994827,0.010052329391241066,0.025357884961366633,-0.024277710598707203,,,
25,A,2,branch-025-A-r02-978535dcce0e4e9aa12d2560452bedbc,8f340928036bd3607423068d710663f1b21415cba404a2e341e61373bfa91ead,0.13105799036026006,0.025204483675956735,0.05106489498019223,0.0013509882450103428,0.06910912300546967,-0.04971390673518189,,,
25,A,3,branch-025-A-r03-b57ec63c77e94e64a340573c812eabce,bc16a77e32af272bd19327b13e74579c790121fec18de242f8c058cdd167a03c,0.016256761002540587,0.03977073515653612,0.009995061141252481,-0.008784120023250575,0.02200751910010973,-0.018779181164503056,,,
25,A,4,branch-025-A-r04-f6b816bf3eca48c38d3c1d1fd28b17cb,4425d4f46076f257e530733c05d1dcdc10c64babc9f7c4994de06cbb93116ddc,0.03291068457365032,0.0449864654362202,0.04497441273927688,0.005190484535694095,0.040957187583049136,-0.039783928203582786,,,
25,A,5,branch-025-A-r05-2a9f3b31ce354ad3a674e6dbae02cff5,2c566e296363ebadb71357800e6ffe3d667107dc0ee66e587f99eac23c593917,0.027267420089244876,0.12214573740959161,0.11056960334181787,-0.011002559137344381,0.08666092028021811,-0.12157216247916225,,,
25,A,6,branch-025-A-r06-cd95823fb6d449f795c37cfe628df222,b088ccb4ff1561a4f71619b9ed5aa10ba2c5fe6300f1964e34cf380f5203617e,0.04720705723166463,0.012598670506477394,-7.216185331504477e-07,0.0008187899112701569,0.019935002039869625,0.0008195115298033073,,,
25,A,7,branch-025-A-r07-9e322e6b97f24463a8e00582cedb13a9,b6ff5c2c76bf2117322038659aac3e70e9a90dd0e67feb3918e42ce8f938edeb,0.07535736306905744,0.052293359422683705,0.099468485558033,0.015970897459983813,0.07570640268325805,-0.08349758809804919,,,
25,A,8,branch-025-A-r08-f4e32fa859bb4b6789b3e07dfa8cf6ab,0e53bdd12c420a2aa3c163a7375f8251c8a7271d8d431d0e9dd55f7a92087b1a,0.06181612156033517,0.04510893337130545,0.03372941439598798,0.002462278687953956,0.04688482310920953,-0.03126713570803402,,,
25,A,9,branch-025-A-r09-3b4193d3416a448885b295c66af9ca85,6e362789a608a3fe03bfb43ad94f44dc5ca309f819ba1fa0ff9fe5c286d19252,0.10452039585113526,0.03396337425112722,-0.05275107527375217,0.011358228206634513,0.02857756494283677,0.06410930348038668,,,
25,A,10,branch-025-A-r10-584de3aa50a24e03b8f7a4d2e53e9fbf,3831c4f35da69c137e53b3233a1294e0fa617568325bc71091edf9716a1efb05,0.016406848919391592,0.02163189733028409,0.020967374897003177,-0.03214384952187538,0.019668707048892953,-0.053111224418878555,,,
25,A,11,branch-025-A-r11-2352119015624f13b7750bc3ab4b0189,5c88fa1660318935cf99c27fe8ea35fae998c6598a793fc5aa54d5e33c4e27fe,0.1284683134794235,0.05086989814043047,0.052617804068326945,0.010855344152450597,0.0773186718960603,-0.04176245991587635,,,
25,A,12,branch-025-A-r12-105ed7bc7e7c4cbd8f838cf6a015cfb4,83d716efdd3e77b631d1cc07240a871ebe0f1b2d6c7d681f55583f65fe3f6fb7,0.08012764902114872,0.09479491403102874,0.044726975810527814,-0.013254666066169762,0.07321651295423509,-0.057981641876697576,,,
25,A,13,branch-025-A-r13-cbe5447bb4cf4a809f3216841f76487c,a00a6914c49115e4b1e8c726520559c486cec55eb86f059dd6e25b7731a81425,-0.001999079120159175,-0.0009293105602264928,0.04524752727746961,0.00959997616410252,0.014106379199027982,-0.03564755111336709,,,
25,A,14,branch-025-A-r14-4af6b9188749497ba537e6b09bde0bff,203075453010b62fe1d085835821330cb857ba3461238220be6f09e231b7f930,0.017294818338751794,0.1363417833745479,0.05098220468163489,0.0003129059135913992,0.06820626879831153,-0.05066929876804349,,,
25,A,15,branch-025-A-r15-25de80fb64d845bcb6190f8c39399681,9a4f6bbb83f4a010d8eaa8446cb6cea11e04a7316302c65a91b776b0036c499e,0.01990990353822708,0.07443037174940109,0.03366604498922826,-0.0018063042730093182,0.04266877342561881,-0.03547234926223758,,,
25,B,1,branch-025-B-r01-bb3765a753ef43ae8a3463f43bcb1006,c3dd82d0e6785fa6c85aeb93b2ab50b1cc0aa0873f67643a11bef811f7abef21,,,,,,,0.45080406093796094,0.459364456935972,0.01863530333868265
25,B,2,branch-025-B-r02-3643d6fac1354cd48221696a620bbf5b,ca64a6e8a92707555f15235c13fd90387294cd78b5180d3b6ac82444fd041031,,,,,,,0.4356985397795836,0.4403855865210295,0.010643052100030661
25,B,3,branch-025-B-r03-f009e4c0220a4413b9cd701c603884ce,909379fc7b7ab59ac84f4b42f3ec355dfe0202fbba8cf6edd7376be64bb6c5d3,,,,,,,0.4788455764671167,0.4580955261439085,-0.04529633916723652
25,B,4,branch-025-B-r04-2db093f012854e0aa524edaea3f6dbc5,b0c13915c3210c56524c899d7741160ed9914dbdb13bb08132f245c853de1b75,,,,,,,0.43847703054944676,0.44587615725994106,0.016594578090841257
25,B,5,branch-025-B-r05-e3f86f2dcc9a4c20b651dd2049b2ccdb,bb2751ce91caffb0ee7d57a5da0c7e5850a9f133f7eb26022f71161fca6fc70d,,,,,,,0.4661476511801282,0.4580065301805735,-0.017775119923169973
25,B,6,branch-025-B-r06-ce64246cdbe54ef588b0d0a8277fdb80,9b7018fb6f7ac8f17b7de766717031a422a6ce7c98d0bc0289fc988676fa91e1,,,,,,,0.4443180628418922,0.4425169006446998,-0.00407026758654482
25,B,7,branch-025-B-r07-7562456a971540eda70b2a97c1b5e0d1,dbc495370b0efccfd558ebd0271a9ec0497f0f371d7cf921b48d3fb76cfa0876,,,,,,,0.44173509347836176,0.44344327388405796,0.003852083245585141
25,B,8,branch-025-B-r08-f54acc7fb7374780b422db02f9fd26e2,d896de31d781b32cb3357aa3c966d6a8c4493be690eed4bbc85c7cdb22eb9d65,,,,,,,0.4480697802583376,0.4540050856888294,0.013073213533470879
25,B,9,branch-025-B-r09-4b5696c677c74bfb825c4ff891b2864c,e22049e6fd02eeccf39788d389312ab567b3a06865cb009ec2779573c6d48df2,,,,,,,0.46417825937867163,0.450650373424093,-0.030018583701134506
25,B,10,branch-025-B-r10-05f33bb2fb894f898ef7f18fb2700138,0e5113cf114e4fcd9025f8cfac74079694c52e5887660905d3593ffdef104191,,,,,,,0.4503781168550253,0.4396293552647034,-0.024449599330895466
26,A,1,branch-026-A-r01-4ad304a712674b81baed27fead89dfbc,3d40156423cf1e81a87b4d9d5552fe6db9e8a7d89318edb192e48c864e48016b,0.1590833939552307,0.06250930370092395,0.047263682126998885,-0.002618880653381339,0.08961879326105117,-0.049882562780380224,,,
26,A,2,branch-026-A-r02-486940ce96e4483ea43e0f1a8b215aa3,9d090d1612fa0fd92079240540d9ed7989f4b4b3f0ee2a7e645ba418a9918791,0.06865419814586637,0.02615199571847915,0.025229455649852794,0.002266806507110586,0.04001188317139944,-0.02296264914274221,,,
26,A,3,branch-026-A-r03-0221a1881d064c878a86f74c603f57e1,1798439c179694d9fb3b8eaa166f1576f2f9facc3fae4e1f1865e87304200c8a,0.04987168388366697,0.043042759871482816,0.02037413167953489,-0.0016939645171165085,0.037762858478228224,-0.0220680961966514,,,
26,A,4,branch-026-A-r04-1989a684494947fa99f5d90873ee1920,f3736db4cae92c2a8bd349a9fe14ca4c3cadd2cd9bd3a13323373ac00a63ba2f,0.07537520335912706,0.033019822788238506,0.038742522180080396,-0.007155668032169382,0.04904584944248199,-0.04589819021224978,,,
26,A,5,branch-026-A-r05-a00596bf483a40d19ceade3d8024cc26,9a7b1a172125aaa628af5dbc5e19980bb872b5867553b18bcd42e8000f7c53a0,0.061703000354766835,0.12148280775547032,0.04875319290161134,-0.022143372100591696,0.07731300033728283,-0.07089656500220304,,,
26,A,6,branch-026-A-r06-e3f465d3d92e41729af99f2b65cb873a,eab70d9145532411b66a6f2ab89dac3308b866e30cf6a2cef64a3ac7db8c1149,0.012339222979545594,0.09722666566371918,0.0691674295902252,0.013980106937885262,0.05957777274449666,-0.05518732265233994,,,
26,A,7,branch-026-A-r07-5af5b552ed5c47a18276f565f32c6f3f,93f15215750d3a1207d9840294a163efc332410250825a213837975af68c7fe9,0.03842260028123856,0.006769608533382432,0.07019228711128234,-0.001642732620239229,0.038461498641967774,-0.07183501973152157,,,
26,A,8,branch-026-A-r08-540f788a83fa422381174f25d0e018e4,4095321ed7aea437ec8f894bb99c480d1cd34a7e7e84bdf65ecda81c07de682d,0.06164151710271837,0.07529968352317806,0.10866257748603819,0.012209925222396834,0.08186792603731154,-0.09645265226364136,,,
26,A,9,branch-026-A-r09-65ace32c2ea34370b3f561f51691878d,f8c423a97844c9a2123378fd9db6f49008ab34ea4b11a876210ad39d4f5336c3,0.0839466970682144,0.0347581201314926,0.05026147994995117,-0.024555930352210986,0.056322099049886054,-0.07481741030216216,,,
26,A,10,branch-026-A-r10-3e4196de9937487da2184fa57612013a,88ad9a671df516e2b7efae0302aa0908ac4e20a4cc471d8b408a15e5b0766b1a,0.06756181129217148,-0.012455540323257464,0.05622350509166718,0.013118308246135746,0.037109925353527064,-0.043105196845531435,,,
26,A,11,branch-026-A-r11-405f913dc3f5460199f53d4a2945367a,a6a755a04a01c956e76ba9c2fc534180799de250dce19eb90a18f2958bb536b3,0.2846145200729371,0.10117285069227222,0.11958618805408477,-0.004848244810104374,0.16845785293976467,-0.12443443286418915,,,
26,A,12,branch-026-A-r12-c5813d711f2f48bfa089a310ad713653,012836602e1fe750f932f9d3a2ca579e8b008b296026c8a668bff4a13dc2d780,0.05031951212882996,0.09318978118896487,0.11711470646858213,0.0147341817855835,0.08687466659545899,-0.10238052468299863,,,
26,A,13,branch-026-A-r13-b8604f0af11d44a5a9c987069ddeb0ad,68c20865f04a000aa0e952686d32e3bac9498f1522ad61fce06b676c5254fbe6,0.02241031659841536,0.010124948573112524,0.0360087601482868,-0.006091751182079275,0.022848008439938228,-0.042100511330366075,,,
26,A,14,branch-026-A-r14-0f296db676cc486e851417efda60372e,e9e8576e5710c863bee150082a93e1685e3db481bcae82c33aa70575e7f9d0e3,0.053189575314521786,0.027415542507171597,0.02510910226106644,0.06593987058401107,0.03523807336091994,0.04083076832294463,,,
26,A,15,branch-026-A-r15-485b122b487d4d17b471d08e5a75f2e9,d22a3173a1702ebce3d7e662cc727cc23d993b8bb185d86cb670291ca12355b3,0.05622260463237766,0.05383973793983454,0.007529956912994407,0.0014763969421386913,0.03919743316173554,-0.006053559970855715,,,
26,B,1,branch-026-B-r01-744c3577419845528377f506c943fb53,a38e00a8ae7d3a7a745c721b03452e9837c20d7fe1568e9e7dfb30da9f0fb2ed,,,,,,,0.43632078776359556,0.4406119737386704,0.009739149707311308
26,B,2,branch-026-B-r02-e20786da26e94ddbaf64aa3466f033b4,774514f7df3ee1785e55f3a9c977744b60f8391febdf161ed4ea4799eb71c258,,,,,,,0.4314202080567678,0.4270068521499633,-0.010335562262252684
26,B,3,branch-026-B-r03-cf75ac2ad88d4c59971307722426c0bb,8d65f523746e5c4ef710c262ac3070cd79767cfae3496908730e2a9e2ef2c862,,,,,,,0.4606924154281617,0.4503874894936879,-0.022880133606859917
26,B,4,branch-026-B-r04-687b2d93a94844319a5d6dc6f2e502c2,2b54c1cb43c5f2f685232a6bcc14c8fbe7617ec7cbeb906ad2ce7c3439b9c765,,,,,,,0.45206934808492666,0.44348923682371777,-0.019346830878376856
26,B,5,branch-026-B-r05-6c66193e4ea8403b9c57e0e0596816ab,e0d1e3fa657cc7031f7b5ecdc21c629fdf28723b82b0805b757e3273b35e6352,,,,,,,0.44794469512303675,0.4476157255490621,-0.0007349374814102689
26,B,6,branch-026-B-r06-731c1ae8ce384dfd8fdf8f9599bffe3e,8390f349741db0d152f9e173d4bd54fd2956523a53ac697a54c72030d78418fc,,,,,,,0.43697229175567626,0.4321609278122584,-0.011133269191582341
26,B,7,branch-026-B-r07-c7e30b7098c94071b81ddbdaf3fb8cf5,5262807f76c9682454f0decc3c64273e3d377279b50651e7993e61f8aa2fb398,,,,,,,0.454332982480526,0.45341317261060077,-0.002028635084925478
26,B,8,branch-026-B-r08-9f65d5a9c96a41518f43938d19ba0032,61f146d0e63cacabb7d0272870030cb7fb33a7e6f1be448dab841185ce312063,,,,,,,0.44103710163831716,0.43612943732738496,-0.011252770143209148
26,B,9,branch-026-B-r09-94e4896cd8574c4a855ff16a7567a082,7baec65543615c797a74081777a71c147774c36b1cde5a378ea60b280f6a7eb6,,,,,,,0.4446892961263657,0.43822699508666996,-0.014746469551511026
26,B,10,branch-026-B-r10-ba5c13911e7341a1bed65d67d9eee0f3,264009992a825d131162f4ae8ef8476d30d3ed4056a2dd6a2c4676ca5c6a7adb,,,,,,,0.4410684813578924,0.44315687309106194,0.004712533777492413
27,A,1,branch-027-A-r01-d1c698964cdd4eb8b7853ac0931460ed,a3ae86a44ef4004ce2cfb140dc1115ab56c4c35e9db4f00bae7c371192dc92b4,0.04416616073250773,0.08421013321876525,0.06330661840438845,-0.02706986880302431,0.0638943041185538,-0.09037648720741276,,,
27,A,2,branch-027-A-r02-1d8777a468c4438bb149d8fa87138bf5,ac65af0ee5cfc525b2bf9fbdd724815155a023d846ecfa17ed3c75f16934c365,0.03863629982471467,0.08712788852453235,0.2312959249854088,-0.004797991359233866,0.11902003777821861,-0.23609391634464266,,,
27,A,3,branch-027-A-r03-12fad0acb75b4967aaacb516a7a95bc6,778e515208304a921e4eb3ffc615c55c1f74e6c0b04f96b5d7d1de5ab4422ccb,0.023155120730400103,0.07761198217868809,0.07250670564174655,-0.010988665843009948,0.05775793618361158,-0.0834953714847565,,,
27,A,4,branch-027-A-r04-24be5bc8d86441f4b8d94b139f5796f6,66944925ca02529f8d4e49815a0ede0ec0ac9f4cce53dacfcb1cfcbaab766384,0.08898760949373241,0.030665477728843704,0.08780152014493942,0.00845156559944149,0.06915153578917184,-0.07934995454549792,,,
27,A,5,branch-027-A-r05-bc170aff58c14705a9f87c3a446c04c7,961ce28c1bf357f2bc28673c7ed2a71b687dc42390c4f067a9ef024345350145,0.0348986857175827,0.03877494277358051,0.022647336030006404,-0.008791058278083796,0.032106988173723205,-0.0314383943080902,,,
27,A,6,branch-027-A-r06-aa3045a22b774076a230568c26206168,00489ac3e70d8945df0a94ff770ee6e8d7a44df4d46013d184ca4e5b10c537d9,0.03365705782175066,0.005972414195537568,0.008440184772014636,-0.011897392618656188,0.01602321892976762,-0.020337577390670825,,,
27,A,7,branch-027-A-r07-6bf8de0b5a9444ae88865c728f731265,0078fd2ada01ce54beb0a3dd997133b2b486dced4f9a8361e7402d13b235292d,0.05121897696256639,0.046062248253822324,0.047815911513566955,-0.011332535934448218,0.04836571224331856,-0.05914844744801517,,,
27,A,8,branch-027-A-r08-39639fe57d804246a315fc695f245105,7e8472cfef09940324c84e68a5cd71050d5ab9b758bbfdec5e3ae649eeb20bc2,0.05251281502246857,0.05684761388301851,0.08769303454160687,-0.004054241466522224,0.06568448781569798,-0.0917472760081291,,,
27,A,9,branch-027-A-r09-a4815c2db0154921a9eddf52eeee4492,27249bef8b659b6a528f227beddc4c6ca4478e5ae05442edac5ba32865eb0c19,0.0813259818911552,0.016150330376625055,0.022979549551010114,0.0002634645462035734,0.040151953939596786,-0.02271608500480654,,,
27,A,10,branch-027-A-r10-ab118943ef9040a083f835e735975b74,806dc8b3d20011ee2de18d6f1b694994ff14fb8eb5e3b06da5606e5c186d36d4,0.04401059403419494,0.05179322416782378,0.009395826482772818,0.006287428212165824,0.03506654822826385,-0.0031083982706069935,,,
27,A,11,branch-027-A-r11-e2afc5d4a70b41b3b2f705ffa83ffc4f,0cd6a10a2807520769cc7ec43aa27ee1a2c34ae1897e3dd02b70902b960f14fb,0.05478365628719328,0.10094131766557696,0.04065399450063706,0.0048089175224304,0.06545965615113576,-0.03584507697820666,,,
27,A,12,branch-027-A-r12-a9c27feb0f5a4a91be95c8871442e884,fa75193116fb9ad4011b4b8dd6fecf67930dd0e7f23014c0f503f8515033c0e5,0.05864033142328262,0.07829005619287494,0.05304242829084399,0.0039788134813308895,0.06332427196900052,-0.0490636148095131,,,
27,A,13,branch-027-A-r13-547e7eba7a1b40e388534df91874af91,5423c1c75fe21ee1392f7e82849efd3cbb588b54783decbd8dbb784b933cabc3,0.06295000627040864,0.10899800180196767,0.05197767195701597,-0.004642311275005362,0.07464189334313076,-0.05661998323202133,,,
27,A,14,branch-027-A-r14-1c7e7da9ef81466f9583668b2252c11e,e7026f21a40ddcff25ef40fff761cbb1f7f399029a3abab2aa438752b306dbcb,-0.03734902489185332,0.012875464987754826,0.06307476079463958,-0.008586767852306332,0.012867066963513696,-0.07166152864694592,,,
27,A,15,branch-027-A-r15-959ca5ba48ac4b08b0d8b671a702469e,57a12f17fc2b70e5ab7837482c484f35e3b28154df331da34ec446cf1e4bb9b1,0.07659345340728757,0.09215592640638354,0.038511169159412384,0.007841872334480249,0.0690868496576945,-0.030669296824932135,,,
27,B,1,branch-027-B-r01-34006c4ffad848d6ab4fe5f680ab3216,da14e8078e884c7bfcfd230d6ef1bea29e7084d35b420ddebfab008ea678f595,,,,,,,0.4394693160136541,0.44159269607861834,0.004808458300646873
27,B,2,branch-027-B-r02-79ad93dc81d54c1cb4fa4d2ba928ec94,08647e4e09d5ed55ad0eb5e3aeaf4973729a37c0ded0ec097b69254e51a2bda5,,,,,,,0.4495137020428975,0.4391013281504313,-0.023712918237630613
27,B,3,branch-027-B-r03-69d656ff0b684ab0ba7aa741f1ae90dd,1f9cc70142581b0c2268adfbac29c991d92146abec0ac8f97a45b85aefd4b706,,,,,,,0.44313612463076907,0.43116436752080917,-0.02776610965975084
27,B,4,branch-027-B-r04-757b4171a9c044fcb0eb788a4934de96,1806d22be619f8c80ab7be49ff1b2524374774766e6b3b897efd939add5305b0,,,,,,,0.4337570687294006,0.43685837846597037,0.007099119278563468
27,B,5,branch-027-B-r05-85f508657dde477c8b3321e9bf6efd0c,6475d5db4554a5ef8bd9e80a25d6f7051425fc60a5538c96b5ec8800ee94cbed,,,,,,,0.4472675746242205,0.43609766544103623,-0.025613320291196416
27,B,6,branch-027-B-r06-46f4defc277a42bab835cc2c05a21ed6,f57ab2944b1a4da9af1319670f5853a2b0bbed72bb33f1636b415ceddb70283e,,,,,,,0.44477516096433006,0.44755149605274197,0.006203386901615292
27,B,7,branch-027-B-r07-93b93b558a7740c8919f838a92a770fa,aae142e4d46a4eabc1fa85adf8c4929008f848aa991a405557940f9424a34f53,,,,,,,0.43862874010403957,0.4418198304096858,0.007222605428749631
27,B,8,branch-027-B-r08-b3973dce8da840fd85b6e32512e627f4,56d51b480fd5659509354ed588404a31391677e3ec72afff8a953f7f38683900,,,,,,,0.4647507821281751,0.4473539160271485,-0.03888837333877463
27,B,9,branch-027-B-r09-85316d43af2945e996e6b920273528bf,7bb78dd866b10bd2077c6b949f0b668763e14cde49da790c69a6b5ee189ce0f6,,,,,,,0.4429659223794937,0.4443809208184481,0.0031842015997182544
27,B,10,branch-027-B-r10-e1fb51c18bed480eadd6fda2561f6222,54295cc5020b814b0fd6b923b92c9bb209e8d89abcef6d58cf2d71878c2793ea,,,,,,,0.432529919509093,0.42962515549262364,-0.0067611590693254986
28,A,1,branch-028-A-r01-d7e4a1f9fc0d4aecae711d5deca14052,09b5fba0e07e3f5320de6443c36b354623a057ec52968f3bc4815bc7ea4fae38,0.025633165240287747,0.03496493829488756,0.05805391099452972,-0.009886918592452998,0.03955067150990168,-0.06794082958698272,,,
28,A,2,branch-028-A-r02-5027e41e96214d92a264e4c386ebd8fc,e4c2de7c199419c43413b5ac7420d7d55e9427ef52c96b9e42d4ee6b68980683,0.03388979867696762,0.10678253748416905,0.027768960595130898,0.001282271718978878,0.056147098918755856,-0.02648668887615202,,,
28,A,3,branch-028-A-r03-3c0813e648604778a334648470de74e1,ec5a3be92fb944aa7b2bd3fbe6fc5b28bd6faf50ee8343b89e5d97f61765de8d,0.041786756658554136,0.010280020272731782,0.06914801080226896,0.004232410991191871,0.040404929244518294,-0.06491559981107708,,,
28,A,4,branch-028-A-r04-98976ff17ce044bfae52f617eab20f94,50b5e6f8ee63818c6ab43b32933a72cf8bf234fd33a7bb7061bfb64c1c7d2721,0.018048834466934227,0.05165516090393063,0.061986301398277266,0.020482649910449957,0.04389676558971404,-0.04150365148782731,,,
28,A,5,branch-028-A-r05-4430d43dc7244c009d74fbb109ded448,1b237bfd488b7394a1e2b2d592f9cf701559a07379872aa08d1800a3c402fa2b,0.055747960424423204,0.03352718132734295,0.028648021459579454,-0.0077471794605254996,0.03930772107044853,-0.03639520092010495,,,
28,A,6,branch-028-A-r06-f354654c0eaa444c98872fe595ffa213,45529def47d7eddee77a2999da373e6475c89304594f3d500b34f9cfa0fd11bf,0.0910137305736542,0.05977129001617432,0.029108555293083205,0.021462020182609565,0.059964525294303905,-0.00764653511047364,,,
28,A,7,branch-028-A-r07-c442b5cbc7004eaca733fb72e020a090,bcdaeb1520ef11dae85a40055713473ef0a1313b13911b7b7a3889825d5517b6,0.04674211229085923,0.03945267150402071,0.028917306542396548,-0.007199894142150887,0.03837069677909216,-0.036117200684547435,,,
28,A,8,branch-028-A-r08-e777df7022e44ea68047db083ce4cd4c,6ee8c2d06a058508929a302bab27ba45407917ff5d925f08d892f978f5915653,0.007881401038169866,0.04369296352863311,0.06407469863891602,0.001870553088188176,0.03854968773523967,-0.06220414555072784,,,
28,A,9,branch-028-A-r09-0ef6337e401146188a99699822ae40c2,26a3acddc53ecd5d3f1f826210e1d7787975c65a386b01186ca5bff4b6ae5ea0,0.04574896268844608,0.006229982078075402,0.09120968698263171,-0.018287936723232256,0.0477295439163844,-0.10949762370586397,,,
28,A,10,branch-028-A-r10-b60b185ec83d46f2b0b25ae5bc87090f,f6ff2fa45421db1cc3f23db21aeb7c86dd725e41a2865dd9ae3d719407547a2e,0.03458111386299134,0.03605285406112674,0.0020723759055137347,0.01679819165468216,0.024235447943210604,0.014725815749168425,,,
28,A,11,branch-028-A-r11-65ea5a38b4014162ae1d9e98cf9c3ab1,834a46ec54f38661d9665b9701c0b37b749673af69f6b2e07c71a229dd2b93bb,0.09549452937841413,0.034427734303474455,-0.010090296411514266,0.012665115904808066,0.039943989090124775,0.022755412316322332,,,
28,A,12,branch-028-A-r12-0e74e680d97d4696bca25f66bbd9e498,dbfd0286bb55da299ebafbfd0041cf2e6805cc3036d9732d8f341e1cf163fabf,0.00036436370611192537,0.031650057911872864,0.04097978373765948,-0.005281929659843421,0.024331401785214757,-0.0462617133975029,,,
28,A,13,branch-028-A-r13-95b47a8733c241b18d955fcb886fd3d1,e81a78dfaf198d04ed7c0d63193781b44cd204cd45ffcb7efea5ef4f090a60d8,0.01071460838317867,0.06194330734014508,0.049182272899150836,0.011887014079093927,0.04061339620749153,-0.03729525882005691,,,
28,A,14,branch-028-A-r14-9a64ed3702254da79ebaf7f2683a3fb2,22b94f47b4e181297cd13074e6990f91120b7989e7b79bc3fe70d4b958d97780,0.03235138436555862,0.05184358358383179,0.010736199057102214,0.003016418576240576,0.03164372233549754,-0.007719780480861638,,,
28,A,15,branch-028-A-r15-a29a20673e2c4b3c986cbb64b86df49d,7293f3e2812bd9fb55e1e5f8e3cadfbcd1310c5507e0e977d4ff68e5ee5e8826,0.05762997164726258,-0.001517220556736032,0.11111498610973353,-0.0012926766276359358,0.05574257906675336,-0.11240766273736946,,,
28,B,1,branch-028-B-r01-ac6bf7f3b2774e3fad882eca71a0caed,2f319d434f789b202d9855484878e1f31decea324a2e737ebb53bb42293ee8c9,,,,,,,0.4448694608926773,0.4443058213710785,-0.0012685845975627672
28,B,2,branch-028-B-r02-a49b045560594ee1aa9ae3a93f0230cb,3629d002b4b2c379bbec98570530ed19c36b8785bb06c47d0fe9f1cd669cda4d,,,,,,,0.44493407516479494,0.4548949746330579,0.021897141150653367
28,B,3,branch-028-B-r03-9fc7a65a525c45779e5abf0642e042fa,c0547ecaee859678bfc6498671fac3ef3fe56d62a426400a68bdfbec5a82e6f0,,,,,,,0.4504701752503713,0.44014750787814466,-0.023452745244406763
28,B,4,branch-028-B-r04-f6ea38f6ab0043f3927c935cacaa0224,fa9a9ec9365430a6dbc2fbecc9cbf34ed7877ecf86e13e4dee23afb7aecb34ed,,,,,,,0.43441915377378465,0.4368859660625457,0.005646352779406744
28,B,5,branch-028-B-r05-9124fff4c43740a892307608759cae20,6215989b8137564a550af04d30d8ac76f2b021077c2ea9f46532cff1b05fd1b4,,,,,,,0.4453053832848866,0.45724960389931996,0.026121882911599625
28,B,6,branch-028-B-r06-0abf369cd0334756bfad11a5f6a865cb,e9104ed1bfbc5c9ee2e6c159bdbbd763d38dcea17bbecf04f0c0b91486e49da8,,,,,,,0.4422138266324997,0.4393410585959752,-0.006538810749227782
28,B,7,branch-028-B-r07-25dec290c92e45eaa34d705c6a90d086,729aeb843bce1000bdde4e689018cf9faf24476b37af8eaa3b7d467e842c9146,,,,,,,0.41957579019864405,0.4181907734513282,-0.003311925645526071
28,B,8,branch-028-B-r08-2fabb5c37282449792c8dd382e96469d,01aeb4373d280cb7a3b7789e9830b4450fa2a4712213902fce88294616f6aa0d,,,,,,,0.4429095410903295,0.4445142246484757,0.003609971220640204
28,B,9,branch-028-B-r09-bfdbd94c25014be1b3362498819b7237,e3b2bfb2be159802a6d063701db8579cc054d1ae4925677adc67d796aaeeaa4a,,,,,,,0.43976939512093866,0.4453379139900207,0.012504030521881036
28,B,10,branch-028-B-r10-90bc270f26d2473b9a5cdeaad964ed2b,361d639ed08eeb76cc8b9c5b798604aaea1bec6493b1f9fcd12960571afaf7bf,,,,,,,0.4378299743572871,0.4433372689962387,0.012422358831732538
29,A,1,branch-029-A-r01-3e5229b34dca4db5a5f837f4a9e7bb2f,4e95c08db7d70191fd5e280435eaa00eece9baf42fb0014d827feec7cb496f0a,0.0360890691280365,0.07629415907859799,-0.01228106393814088,0.003111915993690484,0.03336738808949787,0.015392979931831363,,,
29,A,2,branch-029-A-r02-bf38b17db91649fca7da0a0b6c382075,044b823d902cec62d881ec74a965b18bf79a99daa153a9f4398208e6371e9dfa,0.039326296281814555,0.08437550110816955,0.05028588296175002,-0.0017718360185622894,0.05799589345057804,-0.052057718980312306,,,
29,A,3,branch-029-A-r03-56726188fad04669a0f560afbbc11084,ecfd7587c5f2939d9aeac0f6909fd41736d3a2e108628b429aa6da687a300ad1,0.0073474459171294915,0.010680225813388844,-0.01609010846614839,-0.00023116259574890163,0.0006458544214566486,0.015858945870399488,,,
29,A,4,branch-029-A-r04-6a5acaf2e04241b08cab834f0c6c396c,5b181fc3b4cdaca0612e8966e755d3048c5715e1f3a163991c2c4d5d1262956e,0.093199447786808,0.03850681924819943,0.10702068357467653,-0.003068602240085594,0.07957565020322799,-0.11008928581476213,,,
29,A,5,branch-029-A-r05-6dcf3e103467496ca2fd3df9461fbfd8,f06a897d424797c469fa0fa7684ae4490dd64a3f640d75b8fb713f7b05a6986c,0.12653058161735536,0.0640950482726097,0.08948016246557233,0.0026402864933013914,0.0933685974518458,-0.08683987597227094,,,
29,A,6,branch-029-A-r06-a9f43bb2a31345c7b1cd5ca3d2c06ec3,ccbc27e1fc081b347c2ca296781b7f5e07620c61846821474fcba4cd82610ec8,0.07538582410812378,0.10979400624036789,0.009083542728424099,-0.01922634694576264,0.06475445769230526,-0.02830988967418674,,,
29,A,7,branch-029-A-r07-51fed1793acd4f3798bd6a00b6653b9a,9a10467efd86c0f4069cc03a60d7570a514ae0a40f7208681989bca8d2b239c8,0.00950245561599733,0.0674895091533661,0.042187436413764934,-0.01435416460037231,0.03972646706104279,-0.056541601014137244,,,
29,A,8,branch-029-A-r08-2d03f3e2f4164103bb95882bf0ff336a,24a09c24bfea8c35ed406d5bfbf16e940a96d477e81bd6a51ed094b7ac36ee84,0.039082233846187586,0.020968151044845618,0.052160807514190666,-0.011740030586719519,0.03740373080174129,-0.06390083810091018,,,
29,A,9,branch-029-A-r09-9e5e7bcbfc434acfa7027015ccf2496f,b36b6c96e895e42fd31d2080f8f4400a88d3060b06870a61ed5eb802a2cd8512,0.0550102616071701,0.09115812200307843,0.018874571824073816,-0.0011657457947730765,0.05501431847810745,-0.020040317618846892,,,
29,A,10,branch-029-A-r10-c085c44f99cb4a9eb6e93f6d699540f0,24ac1a884bf9b81f6f0ae026521d42a01bfb679c176389ae3cdabaea0273ffd5,0.03895376143455509,0.032416901540756216,0.02918827097415927,-0.007429144251346609,0.03351964464982352,-0.03661741522550588,,,
29,A,11,branch-029-A-r11-66d70c9307ce4e468158da5c03a92def,822b385807a95d0c3399a002b34285d298416baaa72be1f6549366609d505b03,0.06902264575958256,0.018600083875656148,0.07815931384563446,-0.0015496081113815507,0.05526068116029106,-0.07970892195701601,,,
29,A,12,branch-029-A-r12-73aebf72d8234fdda2c87d502d3aefe3,804735d7c2438e4037de062a54e64feb6db879e38fcb1a80430509442cad8694,0.0287113946080208,0.07934676668643953,0.02220568370819087,-0.02394539874792101,0.0434212816675504,-0.04615108245611188,,,
29,A,13,branch-029-A-r13-6a3391ce7bd64d8a8b410c1e3ecec17a,5ca6d564f1c60cd78b4192c7692b6a44cffded00a2afc3e4abecc12928ac66cc,0.005209997701644931,0.0009063699007034187,0.09288457850813864,0.0056115020513534675,0.03300031537016233,-0.08727307645678517,,,
29,A,14,branch-029-A-r14-cc363a7a7dd64590ac3b7b56a935dfab,ec26fe7321ebd20d963284f9b4744984440580a96ca6c6eacce6bd24a7f16c95,0.016444805645942695,0.009313524627685532,0.06992512893676761,-0.01025768907070157,0.03189448640346528,-0.08018281800746918,,,
29,A,15,branch-029-A-r15-830154cf2a594ba294395232c8641f47,9008db7119b15aca051a808d6e217b5311a098fdeb9d35e094dba0e47c6225b8,0.06488402101993562,0.08904282069206237,0.047910194802284256,-0.028757791352272022,0.06727901217142741,-0.07666798615455628,,,
29,B,1,branch-029-B-r01-5b2b0de2927a4ad8a0bf49db4db53fff,adaf3a52c0f8c8f84f380a3d5f755d3cd65e75c4d604252ca3c9e0cd34b64d4d,,,,,,,0.4291645952026049,0.42683439380725224,-0.005459263426660346
29,B,2,branch-029-B-r02-2045466c885746f7a30b9e37962d639d,b051e309dfd855f2ed5cad57d1191e25d375d8725122316ed93d435ea4f9c3f5,,,,,,,0.4239162333687147,0.42315544265508653,-0.0017978989206769752
29,B,3,branch-029-B-r03-a214bd8b3763473aa7718926b318a570,030b50b74f16496d6c0df17d51936489ac3fcd4159b05f1055616c27befaa739,,,,,,,0.4507752565940221,0.4422855571826299,-0.01919506362692875
29,B,4,branch-029-B-r04-272e8bd80bae4158a2f18a083ff291fa,82c36a8e201d3dab068c62063fc238a3592b36262a26b788ddcea6f9ec23b24d,,,,,,,0.4553311008691788,0.4471517093499502,-0.018292206757119258
29,B,5,branch-029-B-r05-a38485ca8fb54cb3bb0c895853288d37,6556ee1059a95624ecde81c9f04833f5df2a2965af7eb646501afcd0d570ef21,,,,,,,0.44840485937198005,0.4467716472069423,-0.0036555859693604524
29,B,6,branch-029-B-r06-26b319e2d4af49c398f0082cba54e81c,b737b63c291266fb89f3948d877eed336498a96aad73a1691376149edf905a84,,,,,,,0.4575530937592189,0.4452046177148819,-0.02773663064798935
29,B,7,branch-029-B-r07-62b686e9ab7a4405a2d6b6df7b55c037,9b59769eeca454b956d373d8a837d968a5284950f06e8b5ea1eba93a85a4267f,,,,,,,0.43168436156113943,0.4430632043202718,0.025682211134163784
29,B,8,branch-029-B-r08-18f912d04cb541ffaf7a1d9e3ac4c377,359ae6b2e7c56fa5614f3e43bc44d03e4f727c1b4e6aff52c666c7d8c3b4ed26,,,,,,,0.43723115990956624,0.4403217634399732,0.007018966099385846
29,B,9,branch-029-B-r09-35e96477bcb24b678b2aab5a4b000d5a,583f105c3e430a11de5aa318089ae210f3c798442cc79fd6eb333cd7892a1613,,,,,,,0.4390667986810208,0.43710368001461025,-0.004491196839946318
29,B,10,branch-029-B-r10-8c291ba6f4e742849e6ff18e23d19a7f,67cdd326f46c6dba88ceec35d9a35210380da7541f929427c96c0b07078b201d,,,,,,,0.43241127599080403,0.4360864031553269,0.008427520642540693
30,A,1,branch-030-A-r01-9caaa6e4fdb44841a0f95844c590a384,7780d06a22b131b1feb7908e11adbef55b44eb99acb1186f6c03a7a1be29d5e4,0.012204740333557118,0.021064444482326528,0.1584563862085342,-0.007749927043914806,0.06390852367480594,-0.166206313252449,,,
30,A,2,branch-030-A-r02-ba15626f4ccf43f5976c68860e1554c2,7a357c014bd4f55e485b442f829c92a7ffaa9ef99800bf5468ce541209881733,0.07457602388858792,0.02756963957548142,0.021531339025497476,-0.0017138497233391004,0.04122566749652227,-0.023245188748836576,,,
30,A,3,branch-030-A-r03-3bec9a52ff464a2883635c3176f4cebe,7aa7a913a11500aa3782b78d693173ed52571f438e1a5589063a90f1c5b17eea,0.024197152948379486,0.024279490089416544,0.05019614799022676,0.0008207567453384357,0.03289093034267426,-0.04937539124488832,,,
30,A,4,branch-030-A-r04-acdc11a02e0e4697b9e526b8a7ba6496,af5b2880335d25c7e9511248f86174357cbae18aa714a5fef62a7b0deaa7ec83,0.0166896451234817,0.06369917533397673,0.035528447151184084,-0.0006615955114364636,0.03863908920288084,-0.03619004266262055,,,
30,A,5,branch-030-A-r05-7f8c200b93254554b2a53f994ef6504b,4f35ab0562ac6c9dcc8474008cedececfc2a7df167b9d4fb209b567b14d1e409,0.026896840333938576,0.09435767483711238,0.016250691533088668,-0.0027594446420670105,0.04583506890137987,-0.01901013617515568,,,
30,A,6,branch-030-A-r06-5d6d922fa74449b7b02bfef55907aa09,c54fe5dada8ba59238dd49ac468f9cb6b3c7beefbbaf47d3815fcba93f6f7b07,0.033505719661712674,0.02486487157344819,0.0273440936088562,-0.03552336976528164,0.028571561614672353,-0.06286746337413784,,,
30,A,7,branch-030-A-r07-8106af553097491c950d24a719294e68,f751a9dae841c3fa82a45dae8500a53869d495e4ee1e3623df6e8c2b9f4d89ae,0.0797330668568611,0.06770629005432133,0.021293262195587137,-0.013758310502767546,0.05624420636892319,-0.03505157269835468,,,
30,A,8,branch-030-A-r08-c7a9d96a731f42b6910568adfb409f18,9b81c76f54c358fc6bad17111cbfe64aea26b015ee75491c5a689813dc5c193c,0.05322975386381151,0.060461363887786834,0.06097504614591598,0.0013023309826850626,0.05822205463250477,-0.059672715163230916,,,
30,A,9,branch-030-A-r09-05d0dc1f2c844318b15b6e49f11c56ff,7da18a0722e4283d0c8e77af2e7f11c01001926784a0a58db5e2bf9cb3b0567a,0.0448403270959854,0.16210551996231076,0.11448279730081562,-0.04118425672054288,0.10714288145303726,-0.1556670540213585,,,
30,A,10,branch-030-A-r10-d18391dda26f495abbf2689117889dbd,396e30bacee5a2f2bb23374da491d1347e5b0f5928b2a78be2a8f3aa4fb80f1c,0.09876473083496096,0.00899754123687746,0.03689290833473202,-0.004904041934013392,0.04821839346885681,-0.041796950268745414,,,
30,A,11,branch-030-A-r11-1e45f6cbd6b3468fb5f6e75674a34791,edaa7417c97594002fc8441495244c89cb8a19d1b9b452de160bddae821a1f33,0.018412260091304755,0.06987232971191404,0.03748079646229746,0.02235239238739012,0.04192179542183875,-0.015128404074907342,,,
30,A,12,branch-030-A-r12-fb96883ac5d8496f8b0c0abdcd949742,34a4dafe0766652107ce3fd63e72b6186db2b36e9fb224c8d1e422859745c148,0.009099380373954802,0.030006043076515165,0.04483682744503026,-0.0079306320428848,0.027980750298500074,-0.05276745948791506,,,
30,A,13,branch-030-A-r13-178c3b0ae6e24386b679ff088e2c7391,c2038de50512b692de0a45112dce1b0a6c82bd45ab421c0c59aecd05e5ecdfd6,0.08458041393756865,0.03640121636390686,0.07120581409931181,-0.03159954614639282,0.06406248146692911,-0.10280536024570464,,,
30,A,14,branch-030-A-r14-8b62b3bf2b5d4c889c3c995760c17b42,a1ed266b4c9409a110ef85346026c2ed6ddb51d1b4789ef0797e03f6c93c8055,-0.0022124230027198988,0.08948892540931702,0.039578961789608014,0.00029822301864623757,0.04228515473206838,-0.039280738770961776,,,
30,A,15,branch-030-A-r15-e86b8c36117042a19aed5371c244c382,76a177aaa32131359106c5cdbb95ebae53cf0415aea0941a009801f80f39794d,0.07971786940097808,0.039406664299964866,0.05948087544441222,-0.0006277965784072803,0.05953513638178506,-0.0601086720228195,,,
30,B,1,branch-030-B-r01-8e84e3cd743e4bfdbf1c97d532839672,b8f61de2cef3567630861cbd3d499cef3c275bee44672ace4e6c1816f62641c5,,,,,,,0.44243714053829514,0.4497493697047233,0.01625845339422909
30,B,2,branch-030-B-r02-d1b34345a5224b28a4912edce20aeeec,be3542ecd040211a7d42ad5f2582bba9f100648b6895be4feefaad08b360e931,,,,,,,0.4227014844079813,0.4251637084325155,0.005791237529684497
30,B,3,branch-030-B-r03-abcd7f5d464c46a0b3fa30f5bf52dc92,e408a3d272697276aced7ff75f5a95ded415a7bd611f5b1d47fe0d9002b9849b,,,,,,,0.41743030151526134,0.412319166080157,-0.012396065610277012
30,B,4,branch-030-B-r04-08f593192fe649dd8f464d7ab28c4426,e835dd96b3a2ab9ae158ee4f52c3a8edc0d1ea6146327a6bcf9c8c57c84bf375,,,,,,,0.4215344345331192,0.4196542813102404,-0.00448024315874622
30,B,5,branch-030-B-r05-05067cc5287b468388aa9d7424c2c8ea,93b35365bd6a2852ba98b6c2cc74b637cb5e73250c2c7c10b8bee75c8f4a71cc,,,,,,,0.44971531650622687,0.46033729486266767,0.02307433804512765
30,B,6,branch-030-B-r06-5c2e3f3c880640ab9956f009038cced6,3af731cb5befff0ee1bbdbd093cbc9f3497e9f27df3031db75d6a3bb2a0f2751,,,,,,,0.41037826807896294,0.41504822258949275,0.011251595010801137
30,B,7,branch-030-B-r07-442fdf145f384644895ef673fe64c7d9,88dcd929bb4722c17f120e39574c5a377c1a8eacdd0799dce7722862e11974da,,,,,,,0.419694621749719,0.42801968019405995,0.019450176778241714
30,B,8,branch-030-B-r08-538129b216e741a8a9aa8dbe04306961,9c9667c246a1628ef0ff257742d83b350423e5bc22eaf8c0581239162b276042,,,,,,,0.42756186999877294,0.42992974677085877,0.005507589995506514
30,B,9,branch-030-B-r09-566ba6d826604276abc0236b8c373bc0,183b4b897a57c9678071df7c6bfada9f171b4d0a4646f85a94823dc18f436dc8,,,,,,,0.42228602996269865,0.43435361869732536,0.027782866805205277
30,B,10,branch-030-B-r10-7474d013c1434334aefaf7b99c44b0b4,d42927d55176984106d4357fcb091edad99932ec1390ff61c012e4201ceb2435,,,,,,,0.4337900752375523,0.43786523022254303,0.00930687047911876
31,A,1,branch-031-A-r01-e17f1daf723d4fb9bf69aa66e8b21ca0,548a82444fefbcc9db6765c544c642f23747c3b6461e8752da26506dd41405de,0.07861929083466529,0.012829988807439796,0.018935304403305042,-0.01334685317277906,0.03679486134847004,-0.0322821575760841,,,
31,A,2,branch-031-A-r02-5913a462bfb742f2a28b649c26f6445b,60c56dd8771167ffe282a3f0a20c439be3716734d2f566e5072edeffac596e1d,0.022883754456043237,0.054215173816680895,0.03198298406004901,-0.012280303108692159,0.036360637444257715,-0.04426328716874117,,,
31,A,3,branch-031-A-r03-188c7aba54064711a4d03d74910c6ae1,f3ceb7028512b4fd0935de015079f2de65cbb154713edde219f1951153c03573,0.03955967379212383,0.06125763386487959,0.00916915719509126,0.0031016578018664975,0.036662154950698224,-0.006067499393224762,,,
31,A,4,branch-031-A-r04-4f37234f85df4dc2ac590d833ec522d1,e6ee7029b0a67a84674f538501d745704809c3d631d12c3b11f377ab36385be5,0.030154268819093666,-0.00804796128273011,0.01290999131202697,-0.004786503040790535,0.011672099616130175,-0.017696494352817504,,,
31,A,5,branch-031-A-r05-3ea046e614dd40ffa528ba12b77a36da,762691bcbc5fdc6fd8be7571fbb07fe5f12dc0db4f7b016e18c4a2667c5a77ce,0.02350905980467799,0.05442479109764098,0.09144425953626634,-0.004318653875589384,0.0564593701461951,-0.09576291341185572,,,
31,A,6,branch-031-A-r06-e27c49e203034e0ca4ed61c77d48e77d,5beac97bfea917d5fcf208cbed1bd4e87e7026fda4e612911a2dbbf399881ec1,-0.007630046284198777,0.08511847717762,0.06776678459942342,-0.010622585785388938,0.04841840516428155,-0.07838937038481236,,,
31,A,7,branch-031-A-r07-b991c2188e3b4aefa9b0b17f7f446738,fc608cd97330f19d29fbcc49e574c8c747806a66a72cd574079c22fe7737f3d7,0.11144848619699477,0.00885429688692091,0.16249317944049835,-0.007653051519393939,0.09426532084147134,-0.1701462309598923,,,
31,A,8,branch-031-A-r08-a1371aaab9f0459c95689bcea0f83b0a,64e6bae631184b3574c4326dab163ffba548a1c785b03df2b1e27397e8d5be42,0.03573142520785333,0.023450986397266393,0.015406470501422909,0.004993555349111556,0.024862960702180876,-0.010412915152311353,,,
31,A,9,branch-031-A-r09-05305a6734ea4ff3a5e575b40835e77c,0134d5e8cfa15579fea2b2938a263d92ea4eca1ad9d35034f3eff0fff6a00f5d,0.08469020856618881,0.11820769866704944,0.021184502995014176,0.004616662526130688,0.07469413674275081,-0.016567840468883488,,,
31,A,10,branch-031-A-r10-3ab86b53e5ce4ece983012819093e355,e091aca3cf5a0c6800301b023c011ec4aa088861fcbc64b85eb36da64c1c5aa1,0.003994712495803798,0.03874334976673127,0.053514048147201565,0.004071902871131905,0.03208403680324554,-0.04944214527606966,,,
31,A,11,branch-031-A-r11-967f4e8eec5c444795ef0b25c3745cae,c8060560f70b76e771a9f659e90c5433384e3eee893fb68e485d8fe6236655a2,0.05054975919723509,0.013744393718242653,0.006827022123336801,-0.0023080802679061874,0.023707058346271515,-0.009135102391242989,,,
31,A,12,branch-031-A-r12-450e3737da3d4a328ba6cce178e91c0d,875729fc4d2644672c98b8390d70b2a731ed84344f6d3ff7a3c7dd5acab6f131,0.02243696827888486,0.07204575178027156,0.05522272593379024,0.0005481420040130969,0.04990181533098222,-0.05467458392977714,,,
31,A,13,branch-031-A-r13-7897d14bad514e7baaa4d497c39a93ed,52cbace5d4c0a47e85da52b532c448001bc174cd6a08d9296138d7bc06e861ec,0.03362818698883058,0.08173998195528981,0.012639829695224758,0.011582876789569818,0.04266933287978172,-0.0010569529056549398,,,
31,A,14,branch-031-A-r14-8001765a317f4226b20788f9123067ce,dc7d7ef40bd1a412edf5fcde3b42c35fc479f89afa7da5ce7184f99e4d1f1470,0.01958250291347502,0.024515995550155656,0.13567623685598368,0.005540586292743677,0.05992491177320478,-0.13013565056324,,,
31,A,15,branch-031-A-r15-bfc865aedc6343e8816eabdc53178229,59e2602a7ea1a4501b51c5cb15e6a8b0cf38ed6f08add874e2da66501f296395,0.01265996295809746,0.09603505530357365,0.07181702995300293,-0.025037933826446535,0.06017068273822468,-0.09685496377944947,,,
31,B,1,branch-031-B-r01-75a3004be3994465b1b87de9830fa950,12cf8166f0d31398b39d4689d23e172fa0f5984279b11a018de8ac8cf46365cc,,,,,,,0.43161524059772494,0.43817214666306975,0.014964223799434503
31,B,2,branch-031-B-r02-5dba6d992d3a4ee4966539aff0043bf3,5db7af83092f8c58d8698b4490bc0b8076940e84d13ec98c6836247075428a73,,,,,,,0.41529995455145835,0.424612078299125,0.02193089698476871
31,B,3,branch-031-B-r03-d7b7723b64954b2abd942a648c6b0897,7d8598e7063f8e552662ba59c8a9f0b9ae16901af77f0fa000cc8ee999b45d40,,,,,,,0.4391622674405575,0.46128136699994404,0.047951426486709255
31,B,4,branch-031-B-r04-7ae7ae4841d84d2aab358ffc7a8b70b7,0c49d05050215dcb39ab5c94dd27049d0c9b0c41e07f1f9761e89396d3685c91,,,,,,,0.42851789442797505,0.4209019748528799,-0.01809428330137248
31,B,5,branch-031-B-r05-48caff1b8d9a449099fd4c5ff2d6f8ff,76af775e7ce0e992dccddc9d1984f1e9198a98dd2b6c14b6a756b7e443bef8e5,,,,,,,0.438127271515131,0.4471456605354945,0.020168794682169623
31,B,6,branch-031-B-r06-d697f7c2b15041c7b8ca072359d86d53,4bea5ff047b148e6de428f506fe1b86ea1c48b2c5659442f1aaf280a6425e0d3,,,,,,,0.4258095633506775,0.42576700788736344,-9.995011949190649e-05
31,B,7,branch-031-B-r07-9431a3ac0b25462c95b4d1837a1afbc0,40e7a32ca6d9879daa1fee73740a73cd0ef08de9d0eb0a78ae96e8eb40ea35aa,,,,,,,0.4410264597773552,0.4419506007174651,0.0020910503088119826
31,B,8,branch-031-B-r08-3c02d927aa9543dda94af06612ccdef5,f8a2e32fc9c8a64e98ebbc53ec40c2e0059c0c17df8f27843684029ef0cad96f,,,,,,,0.4275001756529013,0.4326437018136184,0.011888595948942938
31,B,9,branch-031-B-r09-9fdb0c509dae4826acd58d96b77f5ff2,45b1261c771e2a01062a7b1e22ac9cdefc661d8819737b55278a369745f53e37,,,,,,,0.4439279316922029,0.4667306824803352,0.048856335450140606
31,B,10,branch-031-B-r10-6954bd5bcdd84fe8b58c180b402d41f1,640adbcab0b14bf1f9dc4332d04d3f0bf91d3decdd3a160b6e599c3b7c43e46d,,,,,,,0.4444998306453228,0.444448843105634,-0.00011472082890916104
32,A,1,branch-032-A-r01-90dfa686a9f74e1ab242b478aadc1763,ec5b1441522688034ccd0fe9e9a9b27c89553b46c1fd2c481f3e2266ec29cc2f,0.07764079034328464,0.06650282099246979,0.06082699759006499,-0.007399779558181718,0.06832353630860648,-0.06822677714824671,,,
32,A,2,branch-032-A-r02-64cb714b17ea4a2faac82903c4a53ddc,b3e88842b60fd345d2e99fd56187f410dca9e4dd46dd40eb9245db12c58e41bf,0.0533470214486122,0.09479967761039737,0.047789252114295966,-0.0071718964099883875,0.06531198372443518,-0.05496114852428435,,,
32,A,3,branch-032-A-r03-87b0af70b7e0467f860e10f65fbe7b88,f6d795e2e7cdd76dc3926f74e480bbc2bc4b3067ec33a335a3a90162366efe6a,0.04598459031581875,0.028002946805954,0.06103995816707608,-0.023125818705558743,0.045009165096282944,-0.08416577687263482,,,
32,A,4,branch-032-A-r04-43a8f0b8562e4b9c85481fa4cc7d46ab,6203b4360f1e86b0ce419c44d8d6ae16933ef335d35ce127df3adef829b794cc,0.08048753492832184,0.022177059555053724,0.10449477094411846,0.015802653127908683,0.06905312180916467,-0.08869211781620978,,,
32,A,5,branch-032-A-r05-c68531cba8cb4a749b317484dd47defd,75080ea177f59362631b2f6bb7cbd128f27650a462b3cfa86ce76be9a0a2d212,0.052705242681503284,0.1668669144034386,0.051290105104446426,0.006272329539060595,0.0902874207297961,-0.04501777556538583,,,
32,A,6,branch-032-A-r06-effe3a0870c34a01ad892cd60c7bb867,f28b969f15406d3286155d9317b790869da98b7678a50379da754a3fb2a4f918,0.009883623647689854,0.038314652025699614,0.09665168757438664,0.00040386013984683444,0.048283321082592034,-0.0962478274345398,,,
32,A,7,branch-032-A-r07-8bc1a1cca74a4276ba43ba7800ae0aa6,0706f2111ec72590972b1da20292fede811c529e42685e6e66cf609003e1c8f7,0.04159039651155472,-0.009250854444503742,0.11563382787704468,0.015841313445568106,0.04932445664803189,-0.09979251443147658,,,
32,A,8,branch-032-A-r08-18d3a585c76d415aa11604c9530276f7,b0f796b5886b6530b31d1f115acdc6af46d4bc2b9de74130165917ed255afffd,0.02887756123542784,0.04196089334487918,0.04136682865619662,0.010794029051065468,0.03740176107883455,-0.03057279960513115,,,
32,A,9,branch-032-A-r09-152305055b8c45b58a31ecaf0f53f231,f7c980f78af349ce7ada70072c5c928fcda17a34654e25e0ec39f41e4d266d8e,0.042662435793876685,0.11253581870794299,0.018637310266494733,-0.009462577056884747,0.057945188256104806,-0.02809988732337948,,,
32,A,10,branch-032-A-r10-1498a0e266fd4d048a7a2f7e2116a16a,b2f1c23090c661dcafab5873a1be6f0a152c8a0fe0fd861779d9928ae704b7e5,0.057148209035396524,0.07508517946004867,0.05301057891845706,0.0009062652766704815,0.06174798913796742,-0.05210431364178658,,,
32,A,11,branch-032-A-r11-4dfa433a14354f648973ed6e5b22671b,1052c5fd744bc6b5905eecf1136795efc083bb2741f70bdb042b1fc5404870e8,0.02123085454702378,0.06899846112728114,0.05369689283370971,0.0004945361852646268,0.04797540283600488,-0.05320235664844508,,,
32,A,12,branch-032-A-r12-40c23f24011d449b87a8423d4e21b67a,b47a07b8e45e0a5bcd5128cc670605208f70d310c260306f64b19c62e9fc00e1,0.07112620824575422,0.041085341823101085,0.025631185626983632,0.010170635366439806,0.045947578565279645,-0.015460550260543826,,,
32,A,13,branch-032-A-r13-c7310236272a497b9c8359d899e8cafe,36158ee5232fac417372db65f4a82e3d1b7692fef6d9435f8e8991f2ad366927,0.018441346776485457,0.05361193581223489,0.005568185132741932,0.002568932533264179,0.02587382257382076,-0.002999252599477753,,,
32,A,14,branch-032-A-r14-e98027a3d1754ef5beaea35501287e22,7ae59072bacc0dd6ff124a3cd0ced6191e045e8209a8f257b5fc6e5345ddb129,0.13001927736997604,0.042792055296897835,0.07041726189255715,0.001823480308055847,0.081076198186477,-0.0685937815845013,,,
32,A,15,branch-032-A-r15-83c1f3df4f734a0392b28cdda988c374,01227ad34781a2caf51bb8c436909cc167e830cfbac1f303fa9daf0f67902945,0.05131976230144503,0.06005269711017608,0.04948336641788481,-0.007200095951557184,0.053618608609835305,-0.056683462369441995,,,
32,B,1,branch-032-B-r01-55d92722068d43d2a43e9940b2b57af3,dc318d086f21817ab12f794b19ca1cb0a933758d5cf7b05bb36197d071750e44,,,,,,,0.42630391201575596,0.43666324516534805,0.023723849589560475
32,B,2,branch-032-B-r02-e848e678b4c649bf9c515c10c113196e,269bd15d5f92dead510d0cb2e54a55ebc42b9ee7dfe2c776cc5cde5874ef39be,,,,,,,0.44335060931841536,0.45283445154031116,0.020943287750383434
32,B,3,branch-032-B-r03-ecb2a63984c241e5bdfb1be62dcae6f5,2cc2ea8fdbcfa2088451757507cfcaa7d619a775cf5ae9ff3f0034b561af86d0,,,,,,,0.4311382169822852,0.4309208610812823,-0.0005043986509669461
32,B,4,branch-032-B-r04-7d3a9a43f0b54ac4b18561c83b04c4c0,635bfc1bc5e1d6ca3d2590e2f9b41fedcc13c22bad7a84ab83ddf8949b0c6a1f,,,,,,,0.4350950423876445,0.4370618282953898,0.00450001757283648
32,B,5,branch-032-B-r05-ae892c0d08f84f86bde381b37460de2e,6ed5b366a20f5ebe0e0825289198d1536a17b0f7cc6a1da4dffcae8570026d5c,,,,,,,0.4243168551047643,0.42241468657851217,-0.00450308331289184
32,B,6,branch-032-B-r06-5bf5ef5f6774434cbaf712dbae47564a,12d45f73910e817d60d3007edd71b603f7fffd6550348c1822d33a83f0c4e032,,,,,,,0.42642298714319865,0.42154994937181467,-0.011559811070184412
32,B,7,branch-032-B-r07-ff924336943e46fb973125c6ac2eec8c,121a880093a1b20ce6977c8b1e1b09aa979bd6329890011e6b36e126a1da4a3b,,,,,,,0.43258032952745756,0.4354589679002762,0.006610584658984188
32,B,8,branch-032-B-r08-1dde085a8f9f46d99c530d121ef23a41,e8f360274ec8c499d28afca1ddb26d887d6bf55b55e937e2cb064e0c92724f4a,,,,,,,0.4251359563589096,0.43060946427186325,0.0127110720202331
32,B,9,branch-032-B-r09-4c344d9292ea4b789df3da3795e14102,baa5835980dcd3cb1dc5c630d195476ea0b3f99db742678fbc0953e099657b3a,,,,,,,0.43382718611160914,0.4344240422368049,0.0013739021489755172
32,B,10,branch-032-B-r10-aba0bebaeb264667b3fe0e8791f763f2,0580027caa0d1628c43ad49b5433f4963d2e6006ff5eeb0d487b7781fcaa7cb6,,,,,,,0.4238765619675318,0.4240835617462794,0.0004881108286660052
33,A,1,branch-033-A-r01-7473fb7382494918bbbe61a83552427f,a3224ecc98506b02704f319a17584c479d0cd14555cdee9d4b529d296d4ddd93,0.03223150386810303,0.06550023908019065,0.05045012129545212,0.0019425985455512884,0.04939395474791527,-0.04850752274990083,,,
33,A,2,branch-033-A-r02-6cbf260f6a1a4a1ba32492c98cb491bd,3da9775f413244e55ab0d95586af4087a34ee092251a3e0588aca3e088775043,0.050181832718849184,0.027932688999176003,0.038364037537574724,0.01124270119071008,0.038826186418533304,-0.027121336346864644,,,
33,A,3,branch-033-A-r03-e390b79e43f84fdcb80401e8727d95f5,8b11d2faf92aa9610a446028f03974ecaba19ce24f1235bc0c256584c6cd0ed8,0.04807337458133698,0.02690967121124266,0.05939600256681443,0.00386387219429013,0.044793016119798024,-0.0555321303725243,,,
33,A,4,branch-033-A-r04-87388687b94c40ad9af5cfa20f253a8d,3896befaeede8ab291ea049f92f5907370a9a24e4b47952f784d6df829cacb9f,0.03948362324237825,0.0037927169919014236,0.016330698466300975,-0.004768379771709463,0.01986901290019355,-0.021099078238010438,,,
33,A,5,branch-033-A-r05-d006d3d96ac04ff6822c348ebf746600,9d22d3ad423d18d733512de29a51234f99ada4bbc7b028a282de24ee41b1493f,0.023987261033058205,0.09375228701233862,0.05736731972694398,-0.0003617194056511064,0.0583689559241136,-0.057729039132595084,,,
33,A,6,branch-033-A-r06-41e464c6e2824dce96bb8f94ffb3ceec,02dd7feea2932c5835e3a862b6939df90dab4e58332069f465b50fe546f0ed97,0.02777117546796798,0.11952411990165707,0.018138132530450823,0.01503448781967165,0.055144475966691954,-0.0031036447107791743,,,
33,A,7,branch-033-A-r07-a94c0c88b91d4cc8805182496b963cc3,42b12a3e77d75c6acafbafffb0dce395afd750e8d1c3bc30780dbe565016c24e,0.03469772369861601,0.01705478380918507,0.056238515686988844,-0.02110919935703276,0.03599700773159664,-0.0773477150440216,,,
33,A,8,branch-033-A-r08-adfbed7c2dc34a5697a061213cb536d2,09e41079c984cc7a47036badd48637f60241d2ad989fb604c9378739dafbc22f,0.019320647287368764,0.041464833152294156,0.1038014850735664,-0.0033984026908874254,0.05486232183774311,-0.10719988776445383,,,
33,A,9,branch-033-A-r09-f160c28f2b4c45709681d5a14a303658,2fe8d555b7c33d7952d426829802578d5d4b8f498d414f03c09001b94035a33f,0.02499417753219607,0.04645669778585432,0.09355167026519778,5.5398154258756716e-05,0.05500084852774939,-0.09349627211093903,,,
33,A,10,branch-033-A-r10-6123a7837e3f47368a411ea6294426a7,c370a8ee432780da87fa7eaa96ab04f69c8657e9b95e1bfece3a4b6d7e9bd359,0.05378419040441512,0.14566458839178087,0.09462351403236385,0.009866867035627336,0.09802409760951995,-0.08475664699673652,,,
33,A,11,branch-033-A-r11-7dec734100fb49b29af5ffdacf96b32a,ad1363f718059ca1837e854853c5a3169ddbda1a76c53dc113fea1215ff00eb3,0.09682081123590469,0.09583138294219973,0.02098154978752137,0.009245300054550154,0.07121124798854193,-0.011736249732971216,,,
33,A,12,branch-033-A-r12-73269d31a55442148cd888e7efe36724,29de64a5339ed85b7fb3033ff851e9c89cc433db650069f394d719447c58f297,0.11539190620183942,0.08167846102714538,0.03946088736057285,-0.0020492745518684297,0.07884375152985255,-0.04151016191244128,,,
33,A,13,branch-033-A-r13-2748eb8232d14c9f803e3869b89d4f2a,74b21c1fb92491813e783fb01f192e6ce5ed75bee53c97ff59d0628ecd2ea6ad,0.010117179811000854,0.035065384250879295,0.009502479398250552,0.008871829390525832,0.018228347820043567,-0.0006306500077247201,,,
33,A,14,branch-033-A-r14-09d7cd8dc4904ea38c8f8546cb3a1650,397acd356c59bfe525cd088773cf960e7c12f2b7cfbb82081433048284b0ba1c,0.03489815992116929,0.0820180531859398,0.018674918639659865,0.004749245011806513,0.04519704391558965,-0.013925673627853352,,,
33,A,15,branch-033-A-r15-9d7eeacae96840dd96b9f2b36712fb62,a88d716b8064e88f6a348d105581c25f9fda9ebbd3fb7962c63338edd044e165,0.03457553663253782,0.011281961822509734,0.04307912389039992,0.004506712067127272,0.029645540781815822,-0.038572411823272645,,,
33,B,1,branch-033-B-r01-f60bd3c0eab54599ba1a8c33961b4293,a950258b4c66af00e6973ae09cd246ab927fc8c0849ff8c44d17d434714f001d,,,,,,,0.4384320167919,0.44171411695082985,0.007430371892087787
33,B,2,branch-033-B-r02-acedfefe854c43b88afd41e0196c1f31,c5854145255bcb50d4edb4ce52386fa55cd98260975529a5933b9046f044d0ad,,,,,,,0.4362474259138107,0.4324560111840566,-0.0087671685251254
33,B,3,branch-033-B-r03-e91175ffbfcf4bb1a30c238a13d11ba0,6294ab19d751b9424ceb6b2eccc00506ab48ea215954c096d05df0d00413a0c3,,,,,,,0.46764395935138064,0.4592179528613885,-0.01834859991315599
33,B,4,branch-033-B-r04-c6f23e678eaf4ba48abdcbeea7f37f52,5ece6784c51ee653950d1e0fceb3ddcf5b7551b6923516742d51a8ea3ff301dd,,,,,,,0.44437413076559706,0.4600439563711484,0.034061583439016975
33,B,5,branch-033-B-r05-7b01027084484f69b8227116a4695a97,45269db7ebe30347ccdcaac162b5be080b2ea1caa288d475c6f1e8787125d35b,,,,,,,0.4326604086399078,0.43216769911845526,-0.0011400887258755505
33,B,6,branch-033-B-r06-4beb222ba11e452da00ff027351777e6,f9a7eb58a8cca18e1889a1f391b4117e332f7153395549c9016226df3baef1b3,,,,,,,0.43391641983389856,0.4320517396767934,-0.004315872350149749
33,B,7,branch-033-B-r07-69319edbb321472d94004aa98fb0bbf0,c40f336657c2aa3e21461d6bef5749120cded1ca4fa9e2391dacbe4c33439d39,,,,,,,0.4309615197499593,0.43324825338919953,0.005278113925103392
33,B,8,branch-033-B-r08-c5744dbe8e284b5782a03c3caea6a895,08730c9afc4e33e9767233f19e297702ed2e83b37d813f77d7c4ab2e0852cc73,,,,,,,0.4310182551542918,0.42423529682954153,-0.015988670380427332
33,B,9,branch-033-B-r09-4c86df6fb8344f9b89025f4c741ea268,ec4a3666e84a800243cdf7046d213affc9ee6d458b0e98636d059444671f14f3,,,,,,,0.44099367875655493,0.4377527172088623,-0.0074036354779411125
33,B,10,branch-033-B-r10-4cb6501836744be2b919d8513c549238,f8ed50c3c29bbcbe47857927847e15b3ff2ebc114bc8789bc55bbdaa3b372fcc,,,,,,,0.43916911864876745,0.4389720345089833,-0.00044896741544046934
34,A,1,branch-034-A-r01-1075d2b6521d4d4e995aae681631cabd,3c32f2d627cf53b1d827735c95f0e35ffef97fd238a5cd5654b613c6bcdb2c18,0.06444753050208091,0.013599320352077504,0.07993822636604309,0.006915157163143171,0.05266169240673383,-0.07302306920289992,,,
34,A,2,branch-034-A-r02-d79f59551b0d4e0aad0ddd6023ec2bf0,9e43117c5119c75bc81633a268c9022cf69fb62b1847f8a8497abbc7a5aaeec6,0.05517431636452674,0.06267059285640714,-0.005354437017440816,0.019233660024404575,0.037496824067831024,0.02458809704184539,,,
34,A,3,branch-034-A-r03-5869912f6d1a48b7a768626cedf415b6,123e6474fb780c06db7225a69cf5f4856f1d678da166ff6caeab2c7588e80a2c,0.026996412491798405,0.006525263738632214,0.038893988704681415,-0.001978539180755634,0.02413855497837068,-0.04087252788543705,,,
34,A,4,branch-034-A-r04-520f15869261428e96335c6b3f529aa3,56f0dbb131a394e5d92d04a3265c8cd4106452b25dec40c9001a868a4f2069c7,0.036818158233165754,0.07548308538198473,0.05688463945388794,0.0008865566968917493,0.05639529435634614,-0.05599808275699619,,,
34,A,5,branch-034-A-r05-8ca15f0fc64b42e3a640e61dcd6c5f81,a9d6a1f9696f114841635ce6cb6a14c188d6a4ab61086153a07e309990347b43,0.09167494071722027,0.0514739938259125,0.06431676889657972,0.0019762662887573557,0.06915523447990417,-0.06234050260782237,,,
34,A,6,branch-034-A-r06-bc967f08d2144af8a98971f4907282ef,5d313b18096f7eb22a7de2ba25061fa95c906cd96aa49553142fa3596f4c4c9c,0.06837545096874237,0.02567120802402495,0.014357862305641178,-0.014482687354087864,0.03613484043280283,-0.028840549659729042,,,
34,A,7,branch-034-A-r07-e8cc462ec487406b986988e2ef96e882,7a82f4eb80a60fd451029609aa2c33a91ee972b0fad8b92041a6c0dbc4b432ae,0.04405964237451554,0.002696592307090795,0.006714759957790362,-0.0035277786135674005,0.0178236648797989,-0.010242538571357762,,,
34,A,8,branch-034-A-r08-a4679318cb724c3aaab9082252f3ced3,a80ef5b2b5f43b5dd28a2b0fbc175d453b3fbc2b2b33ecc2ae22579fe35cc3a6,0.09963071240186694,0.05465014866590501,0.022307913017272918,0.00022644515037534285,0.05886292469501495,-0.022081467866897575,,,
34,A,9,branch-034-A-r09-314616fbc5e545468dc267e74a86df69,49e97cdb340835aed0dad29714f8382c97fab7c1e88d2bd8551168a4ea8d23f4,0.017314003229141228,0.012438511627912485,0.05876555365324021,-0.019792213332653075,0.02950602283676464,-0.07855776698589328,,,
34,A,10,branch-034-A-r10-bcd81038fbc0498e98379b6e0bd2f0f2,527be5b40065a64a6bed7a2622ac7e21e60de2b6bdf6f891ee434b6f50ec0e93,0.06746262798309327,0.0616444529056549,0.054099270844459535,0.0009682041645050488,0.061068783911069235,-0.053131066679954486,,,
34,A,11,branch-034-A-r11-6c979450950b4eb58dfe444fe0e377ed,5b53f1c71b41fbf7485aa28fe4d2c071bf2f845787d44cfc4a567811fcfc8a65,0.07410952229499818,0.015380265259742731,0.04284597449302674,-0.0007890066623687519,0.04411192068258921,-0.04363498115539549,,,
34,A,12,branch-034-A-r12-f44263f0b0bd439da0c75a687c6360c3,8b6a7a3da6264749a6257e48f1e13c5c538b8071bb0fb83688d035f3312743c4,0.06912736731767655,0.04873971168994906,0.15560576550960542,0.005609577471017868,0.09115761483907701,-0.14999618803858755,,,
34,A,13,branch-034-A-r13-a9a9c52591f9404a9bc24b66161b14ee,fac332afd53581958b4fa954b0114b2eb6b95894a0e5e56f81a3516f26d5c581,-0.006153995442390425,0.06793239710330962,-0.023611329591274266,-0.01422401349544522,0.012722357356548308,0.009387316095829046,,,
34,A,14,branch-034-A-r14-d278dacc507d4dd1949517ce323289d7,b3141dea4a420f14bc0dd5049b8a62670bcfe2b1e35c731422694a4a020cb89d,0.06066198486089708,0.08993221646547322,0.046525138878822314,0.0029959672927856174,0.0657064467350642,-0.0435291715860367,,,
34,A,15,branch-034-A-r15-0a5c01eba1b34968bb09eb637e2356c9,9fdc641c71917cc2161e31350492a531e1f476e7d4e21abfdb8162901f84e3d0,0.05784297063350674,0.036941625404357914,0.0008984296679496739,0.006827954244613632,0.03189434190193811,0.005929524576663958,,,
34,B,1,branch-034-B-r01-6ec0047ff5234864acf526657de1fd05,09f85dd8e61a124f44614c5896e0381b57889781daaf112c68b4b0288769e6f3,,,,,,,0.42767386984030403,0.43169479684432344,0.009314281833861016
34,B,2,branch-034-B-r02-8b9700fa3cc14c36a674e708d21a3625,a835eeeab29ece260c8dbfb21fb5348c99d5748b91d7c3a2cad48ddf0a2abb0c,,,,,,,0.41612182880242665,0.419689081009229,0.008499749858214512
34,B,3,branch-034-B-r03-6f550d2cdda344d7969de9eb0259fdac,9effd8b233fc5a1b2108221871d8617b025d7d3dec0a5f8ffb4e31597c130dcf,,,,,,,0.426663483496507,0.4394917523701986,0.029188872838928532
34,B,4,branch-034-B-r04-8f0f6dbbfebf48c7b752251773a51006,d18e54e72d9a69614e4b6801059a8cdfd05be6ef5ae4e439a29de547a9a9123e,,,,,,,0.45288426173925406,0.4407171482602756,-0.027607533600650613
34,B,5,branch-034-B-r05-55f7979ca26e4a118af69bd9857cd430,da1136320dcb811e457dd586d275c5d84e89597a29126d99e4ad6ab6356fe0fb,,,,,,,0.45597376432319486,0.44666829837759336,-0.020833056609124014
34,B,6,branch-034-B-r06-6fe38dcef14f460c8c3ca60e8ce1d26f,76c5951e25c97f8e8c24ef55744b7d59716ec96554bbb083348c09e38459916b,,,,,,,0.4330474884589513,0.43621957974036535,0.007271776483077747
34,B,7,branch-034-B-r07-8496cee972c04cf4bc68e53957c40831,9bbeffc6311932e7922e446a1dbde6b1177fbc610254f003e78f7159b2547d8e,,,,,,,0.42169375106493634,0.41885558953881263,-0.006775990572905347
34,B,8,branch-034-B-r08-bc9e2443f89e452db56c87edd7cd9722,010efa60776ae275f3d6417fb2bb3dedaaff74997e2095eff25df23e30f3a938,,,,,,,0.4592698282996814,0.4537679028868675,-0.01212497705944086
34,B,9,branch-034-B-r09-689a2bc44103486cac4405d65f863a7c,c92b8bd650ecbb1e593c20caff95e74f406bc0cc706d39f4ac015cf60ecac48c,,,,,,,0.43029703718423845,0.43174213049411775,0.0033471213666950344
34,B,10,branch-034-B-r10-9d4f701924f44580986404777c9b96b1,bec74dc67904a5cdac3087bc3a22743161f2b4064622c03f105cce60939c540a,,,,,,,0.43124210957686104,0.4269556426008543,-0.010039607276051462
35,A,1,branch-035-A-r01-c8034c4b2d304c3e9074b061d54fe935,f157b830288fc38eb768fa86e46cfe97d0c2bddfa776d05582d90bbb8400c3ff,0.011760439109802234,0.013238810050487493,0.08032100639343265,0.0073656407237053245,0.03510675185124079,-0.07295536566972732,,,
35,A,2,branch-035-A-r02-e1011b0df84c4ee68bad637fa86ece26,a959d89fd06d7dac62c773ea8b21189d1fc500b21cc224eecbeacd1d187a13aa,0.057550803029537245,0.03583172652721406,0.05193585869073869,0.006724596107006098,0.04843946274916333,-0.04521126258373259,,,
35,A,3,branch-035-A-r03-8ba185e9d7a24ac3b485ba5060fff050,8d37f61253efcde347e2fdd370fff7a9b9a0aaef9909472699c22d57aedd3694,0.01869740140438081,0.06020381107330325,0.0012232529819011795,0.030648470669984773,0.02670815515319508,0.029425217688083594,,,
35,A,4,branch-035-A-r04-d49d050fbb524021a5522c0bdde514b3,25855de0d60e7f415109c586c9c22e8b91ba011f0590cbf5b229af1b14ee8dee,0.07018232893943788,0.07158571301102634,0.017831683993339564,-0.004561357492208484,0.05319990864793459,-0.02239304148554805,,,
35,A,5,branch-035-A-r05-c3148977a80243079919c439166ab9d4,2d0446ab9f5df67563ebc42805c68ec50736b0dc99d6cbb8eb6a4de13bb6de7e,0.048604682302475,0.06789668047428132,0.028439685726165786,-0.010433952057361584,0.04831368283430737,-0.03887363778352737,,,
35,A,6,branch-035-A-r06-df55c78e3f754581a461a1817d696b87,968c75ca4fb0b086fab8263526b96083b4d1c387a239731b05d61ca526661c76,0.061506014287471766,0.00034647673964499637,0.017335394787788394,-0.00413888692855835,0.02639596193830172,-0.021474281716346744,,,
35,A,7,branch-035-A-r07-49c33799e4ec49cc9053af8bd6166f85,0318ab76c8f5c6746eb28c96447f1609c83ba8066baa7db61fc1b38ea125f2f9,0.05008361008167267,0.0519802076816559,0.09381490252017977,-0.02319141355752946,0.06529290676116944,-0.11700631607770923,,,
35,A,8,branch-035-A-r08-405dc7d032f84ff0b9dadbb1312b7e84,0c1b36a18a00d224f83e3d8a32350868e71fdc0410814a6d9121fb9808df9be6,0.060499782669544255,0.03443858644962311,0.05754625806808472,0.00415473594069482,0.05082820906241736,-0.0533915221273899,,,
35,A,9,branch-035-A-r09-d89de4ccda7241eea2ac589048919bfa,301bed4033ebb4a231d4972c0e06fad8ac84d6aabffe5bdca23f17ea313eef62,0.06418230659961704,0.005791897094249765,0.03003366290330889,-0.01270608165264131,0.0333359555323919,-0.0427397445559502,,,
35,A,10,branch-035-A-r10-6a144738237e4effafae6033410e02ac,c29b8ba8f0b256b017eed0acce3a13176efe1b09a715bf35e255b03cdd02479a,0.04266742546558383,0.0283501769065857,0.035254433929920226,-0.005771070158481606,0.03542401210069659,-0.04102550408840183,,,
35,A,11,branch-035-A-r11-80bb114e3a2e46faaa65545badbfe812,e72f640d0e9fc71b0e5fe40646ec3d977285d93fb22dab58498a9b723517d7c2,0.048247545289993254,0.02208974254131313,0.03253926419019698,0.002928859132528272,0.03429218400716779,-0.02961040505766871,,,
35,A,12,branch-035-A-r12-39d1e54fb4554c0fb44aaafdba20a5b4,84cbdb63480e3eaac0ee8b7c264b24dfbc5b676ef3f9d85f4f1e0792c0d7f9f0,0.022176382088661184,0.035578014445304895,0.07362928586006162,0.005358006954193084,0.04379456079800923,-0.06827127890586854,,,
35,A,13,branch-035-A-r13-efafe810e6e74333ab3253dd748dc1af,1e4ef0121700d2faf0091d56b8ab850579d54b46fb42407a50f5131040ad3052,0.026849043822288532,0.007001589512825035,0.01990358824729921,0.016811267638206506,0.017918073860804257,-0.0030923206090927025,,,
35,A,14,branch-035-A-r14-f49434c17f8741c0b421e8a736f92f00,94bd5b5d3bb20cb9a96e3529023045915cce3ab8eabce1b75c49ef4dc7e33093,0.1239373338758945,0.007700699031353009,0.06263852753639221,0.003011379933357261,0.06475885348121324,-0.05962714760303495,,,
35,A,15,branch-035-A-r15-68076979baec47c5a7d3ee4aac137c5c,1d9e153fed62e56bc6b059919ba1981cbae7f3e47067c66229746bc96bcfa585,0.033804904222488386,0.036394249689578995,0.002306508648395489,-0.023430719137191802,0.024168554186820956,-0.02573722778558729,,,
35,B,1,branch-035-B-r01-45ab49fb456a4a38aed6dca1c4c2365c,72e7ec33a582070200fc2df1bbc4f98189335c8f006860be5a79a0adb551ad96,,,,,,,0.43928611839811005,0.4389515766898791,-0.0007621380717064717
35,B,2,branch-035-B-r02-0677228ec3f945b584e9b6a26f764b2e,bfb5701a8d774371912da1d8d572e85bce9ee7d3c11be971dd75d0e2ad220496,,,,,,,0.4483615351259709,0.44983361638983094,0.003272501676674018
35,B,3,branch-035-B-r03-38f340e3ec6f411ea28d8e20c32ae3e3,8d0bb4ca2aece7837e3554a1d7c751663e97978276df529a2da42e87982580f5,,,,,,,0.4347573805908362,0.4420922294388214,0.016591218663345154
35,B,4,branch-035-B-r04-16e1d73b473c46dfb744892b8750061f,0eca97e5dbcf110758f33ca672a2d7d6511a986cd3f8238bfc1cadf435284e3e,,,,,,,0.4436048200974862,0.43975346645961205,-0.008757983578573703
35,B,5,branch-035-B-r05-70c8d141cb14499d84e9bb53ea5a5239,90366472d94047d1c75bb9e0f327458837814c0e429570cbfaed708346fe1c68,,,,,,,0.45198622207194566,0.43986840498596425,-0.027548732640545272
35,B,6,branch-035-B-r06-551456857bc740cb99ca7f32385ed15b,32cd5348fc5ae9166219bc0535944789acba4effc580985779de75df6adfdf8d,,,,,,,0.4422860237995783,0.45396134180029235,0.025718749430100725
35,B,7,branch-035-B-r07-c789270ebb1948899344f339e7510ae3,560ed0d7ec5173fac516c965a73bc880f91ab2699aa952aa6048877000419adf,,,,,,,0.4242670943756898,0.4314849223355452,0.01672787990084718
35,B,8,branch-035-B-r08-755d65e29a1647abb375e7a0ef977cbc,260b23404ae1d1bc4fba3a653ab3ea8f67da3666a4275c781bf5dec2793034f4,,,,,,,0.46101532793045047,0.4647489674369494,0.00803366928836789
35,B,9,branch-035-B-r09-a1af597e58da4cf7b17ff651dd334a50,ef67c9af2abd48d65dbae1ed52a5820ffa6f1b5f562cd72a6ce8702a34178e02,,,,,,,0.43653557884295785,0.4347218836992979,-0.004172081534580694
35,B,10,branch-035-B-r10-a593955773cc43708862f2aabbb51e71,e8b2760bdbc6c571c1b2e62e2238a3f956582ce1426914b06bd2f9ac1e05fb60,,,,,,,0.44731753308176997,0.44263657006223994,-0.010575183652068847
36,A,1,branch-036-A-r01-46247a2bf328433dabbc87898261a42b,9daa3d056e4e65f1661fad0598458617ea2d22e0fe8679712125787458920010,0.021417950344085668,0.01415260226726528,0.037554216229915616,-0.00874998576641084,0.024374922947088856,-0.046304201996326455,,,
36,A,2,branch-036-A-r02-29d46a233dcd4e2ca6a0df7a4da918d2,c32b50231552447972bfe8391c992c449629ecd8fd40de6563680b88eb3b1ec2,0.1339370665073395,0.09274961329698561,-0.01285313903093338,0.005844294774532355,0.07127784692446391,0.018697433805465735,,,
36,A,3,branch-036-A-r03-fea386f366d647fba95ffdd418782d18,839df72365f7ffddf1c113c771d7fe0050710c4b1020ddf49b7232f2b4d5fb05,0.030829028099775335,0.010214242303371479,0.02295090762972829,-0.0045938534915447304,0.021331392677625034,-0.02754476112127302,,,
36,A,4,branch-036-A-r04-9126d5318cda4010afbc01b59b44c885,4c31a6cbee591a189ad9875132cb80e4206e5140eb83d8f448766cd97c0a3700,0.013081250405311606,0.03273505421280859,0.13666782704591757,-0.010923566544055963,0.060828043888012585,-0.14759139358997353,,,
36,A,5,branch-036-A-r05-83f60de25f2641c8bdd5f32c5af3292f,9f586983e210ff5125fbae74ea0391923b51a026f7dd96955279fc4f39c4b5d0,0.0350441301107407,-0.028195421212911576,0.03482869014739992,-0.009414037418365495,0.013892466348409682,-0.044242727565765416,,,
36,A,6,branch-036-A-r06-4feeb385314a4afab11ad7c88107d13e,9bd3763d147c91bbcfa8ad15c6ac20de1ec118c9d6b351ad28d6404931959776,0.07986780642271041,0.057075433206558224,0.038032703351974506,-0.0008971782386302807,0.058325314327081046,-0.03892988159060479,,,
36,A,7,branch-036-A-r07-7feb9ab00a9842ada24849f775312f2d,d68d06164bc1e16dd8665974ac43376da781ba5d446812f653e45b8416891914,0.06560332952737807,0.07378551969528196,0.0475934150218964,-0.010905328691005689,0.06232742141485215,-0.05849874371290209,,,
36,A,8,branch-036-A-r08-9c0a930b8c844b908a5e774e6d2173e9,37ce1b2651a64a95579940fd735ea616436256dfbb6a8a19305e5a98684c147d,0.02083284850120548,0.01881025879383086,0.04304793460369111,0.020408486068248743,0.02756368063290915,-0.022639448535442364,,,
36,A,9,branch-036-A-r09-0bb2787324c3410fba72da8c055ae902,592583e7feb467e84bad4d609b6b90bffdbf95b9c7e0449e1a186b67af48f22b,0.09682591692805287,0.0495520896434784,0.09865718048214911,-0.004622888255119306,0.08167839568456013,-0.10328006873726842,,,
36,A,10,branch-036-A-r10-ff3441047e6144648797e1c8fef67f8c,231e82a13ac67ece7fe0b437de06cc2adab66989d5f0163b08e36df0f7d0dd34,0.045534626245498644,0.05256317065954208,0.07356132872104648,0.0025095271587372014,0.05721970854202907,-0.07105180156230928,,,
36,A,11,branch-036-A-r11-a8b4121d9eb64d02a8954a3ea373b219,38078c56e748c47a5ba8513fdb29b896e0a4fa93ed48e5e00bb84516f604f0bf,0.07898179675340655,0.058204679679870586,0.08646984438896177,-0.004702294689416908,0.07455210694074631,-0.09117213907837868,,,
36,A,12,branch-036-A-r12-50837851bd2a4c7bb1f5768ce2034113,b6a1158e5b315265dd6b4e57c729d83e6e6caf7b01666576f19634641c66f995,0.02385558080673217,0.06608548202514647,0.02566049516201019,0.014361587214469895,0.03853385266462961,-0.011298907947540293,,,
36,A,13,branch-036-A-r13-2c972477503740c78769c0d81b952704,c2acebfffe4c4179f381aea43ab1cc5abca753c729d86def683e851874b259da,0.015198899519443532,0.028599676179885902,0.05181406732797622,-0.0050666336745023854,0.03187088100910188,-0.056880701002478606,,,
36,A,14,branch-036-A-r14-d4d39f836cb24ad1a5154f018cb2918f,50301450cf1a6668c1fb1f3acf23db2cef5a7da6b95b2884b250822d29713908,0.01629829897284507,0.012668017292022715,0.10558915426731108,0.028040353959798814,0.04485182351072629,-0.07754880030751227,,,
36,A,15,branch-036-A-r15-3aa79eb9db0c4953b1c00ef1cfc0ad3f,b5f60d3c8888430f90163e9065906d26cf1e03497ba776999120282c4d41d637,0.026345117938518514,0.04163052991032595,0.06823218632936479,0.008624091887474039,0.045402611392736415,-0.05960809444189075,,,
36,B,1,branch-036-B-r01-60576d9002b24ebba652a673c5c8881a,1bc3e5865aedf5cf812b59962966c958c2d709c9757f215b7e1340c3b699762e,,,,,,,0.4264057398279508,0.4271557417253653,0.001755804321826677
36,B,2,branch-036-B-r02-b0bee0d9ec114fbcb2a789d1fe323626,c38ae30677c738e2f9ad0167de99e12dd729669ace1450a938228b21d466f631,,,,,,,0.4382750164667765,0.4296970886468887,-0.019962731995461284
36,B,3,branch-036-B-r03-d2606fd700884bf6a05f63610ae1e567,3b45b21eb8f45c3c21e0dabf62321504b4edcbcf8b59c233523aa988bf06f671,,,,,,,0.4229728452920914,0.43052303340832393,0.017537245467356122
36,B,4,branch-036-B-r04-d1062b94270a4a2c9b301c34aee9ec4a,1576e826d993dcdc72209008dc6c60c29336bcba8df9ef9bb194fd5f734d1e8b,,,,,,,0.43379571444193527,0.43932127167383833,0.012577486200134103
36,B,5,branch-036-B-r05-c2b4e2ba95b8402f875fa790ce39e68a,4c10f75d0895e3e4292ba785602c887c7cfbf11adcdc34c047c26848e72b7ec9,,,,,,,0.4308924130121867,0.4394959483305613,0.019575914979547342
36,B,6,branch-036-B-r06-3c5f0762f24e4f1185db44c9aa981503,34d1d67a3c36ebc951a71bcf23cccb95725017722b5c1ac84bf1c67ac81a6fdf,,,,,,,0.4430062944213549,0.42920001952648157,-0.03216746101294505
36,B,7,branch-036-B-r07-50c22b29459149f8b153d2e20d2f4309,e08b8fdb2dfd8febd75a125445735b60aff0715092274b6f5eb3410cca5f3239,,,,,,,0.4472356935580571,0.43189871749877934,-0.035510584861417414
36,B,8,branch-036-B-r08-f6d82b9fd568405abbb5d7df76b10034,b2a28bdb645f5a8335ae097fb132e8bff0d8179bd94a5fe160b6cd69d4cab777,,,,,,,0.4419626696209113,0.43246184896628065,-0.021969153296043542
36,B,9,branch-036-B-r09-e9e241674d844c1e97b7a2e82059c88e,c61192a32d386bb8767bff53e4b0d7383f9c4ae3cc0b26b30e072e14946f4c61,,,,,,,0.43887229351600016,0.4382307130177816,-0.0014640244947699951
36,B,10,branch-036-B-r10-c67a50b3660143afb1ba20fd68c5f5f3,d6ce42d4faa817776772885976c3c980d62731bd22c0eb35bf53e4b69e66dc50,,,,,,,0.44729771894613907,0.4460315414667129,-0.0028387621988850737
